id,codigoCatastral,tipo,descripcion,valorBaseMensual,disponible
1,INM-70364,Parqueadero Cubierto,Acabados de lujo y eficiencia energética.,10188747,True
2,INM-28887,Parqueadero Cubierto,Cerca a centros comerciales y transporte público.,9222292,True
3,INM-93666,Oficina Corporativa,Seguridad reforzada y acceso controlado.,12867984,True
4,INM-15647,Oficina Corporativa,Espacio abierto con doble altura.,1625472,True
5,INM-95503,Local Comercial,Acabados de lujo y eficiencia energética.,8185484,True
6,INM-77635,Local Comercial,Cerca a centros comerciales y transporte público.,5558335,True
7,INM-29843,Parqueadero Cubierto,Seguridad reforzada y acceso controlado.,3437318,True
8,INM-56063,Penthouse,Ubicado en zona norte con vista panorámica.,13831534,True
9,INM-40969,Casa Campestre,Ubicación estratégica en el centro financiero.,14004687,True
10,INM-95719,Consultorio Médico,Cerca a centros comerciales y transporte público.,11753934,True
11,INM-70792,Lote Urbanizado,Ubicación estratégica en el centro financiero.,7564630,True
12,INM-98464,Parqueadero Cubierto,Seguridad reforzada y acceso controlado.,801665,True
13,INM-36471,Local Comercial,Ubicación estratégica en el centro financiero.,11184939,True
14,INM-47733,Consultorio Médico,Espacio abierto con doble altura.,13722998,True
15,INM-99795,Penthouse,Acabados de lujo y eficiencia energética.,11307923,True
16,INM-46932,Casa Campestre,Acabados de lujo y eficiencia energética.,12784222,True
17,INM-31833,Bodega Industrial,Espacio abierto con doble altura.,5527689,True
18,INM-42506,Casa Campestre,Acabados de lujo y eficiencia energética.,11802329,True
19,INM-21309,Local Comercial,Área residencial tranquila con zonas verdes.,2361809,True
20,INM-28830,Bodega Industrial,Ubicación estratégica en el centro financiero.,6072327,True
21,INM-64246,Local Comercial,Ubicado en zona norte con vista panorámica.,5299709,True
22,INM-45303,Local Comercial,Espacio abierto con doble altura.,12347602,True
23,INM-24323,Local Comercial,Ubicación estratégica en el centro financiero.,3026832,True
24,INM-95811,Parqueadero Cubierto,Seguridad reforzada y acceso controlado.,13392853,True
25,INM-49249,Bodega Industrial,Cerca a centros comerciales y transporte público.,10866980,True
26,INM-22188,Penthouse,Área residencial tranquila con zonas verdes.,8039526,True
27,INM-79372,Lote Urbanizado,Área residencial tranquila con zonas verdes.,1651686,True
28,INM-52452,Penthouse,Seguridad reforzada y acceso controlado.,8517854,True
29,INM-79690,Casa Campestre,Área residencial tranquila con zonas verdes.,12605263,True
30,INM-50023,Oficina Corporativa,Cerca a centros comerciales y transporte público.,3761961,True
31,INM-97112,Bodega Industrial,Ubicación estratégica en el centro financiero.,14767890,True
32,INM-18839,Local Comercial,Cerca a centros comerciales y transporte público.,14331463,True
33,INM-36240,Apartamento Studio,Cerca a centros comerciales y transporte público.,5868110,True
34,INM-30731,Penthouse,Cerca a centros comerciales y transporte público.,918835,True
35,INM-63224,Parqueadero Cubierto,Espacio abierto con doble altura.,2312413,True
36,INM-17755,Oficina Corporativa,Acabados de lujo y eficiencia energética.,5868524,True
37,INM-19691,Consultorio Médico,Ubicado en zona norte con vista panorámica.,9262872,True
38,INM-97715,Penthouse,Cerca a centros comerciales y transporte público.,7238363,True
39,INM-98848,Casa Campestre,Acabados de lujo y eficiencia energética.,7091114,True
40,INM-43866,Apartamento Studio,Ubicado en zona norte con vista panorámica.,2104713,True
41,INM-55740,Oficina Corporativa,Ubicado en zona norte con vista panorámica.,5910669,True
42,INM-58047,Oficina Corporativa,Seguridad reforzada y acceso controlado.,5502850,True
43,INM-79411,Oficina Corporativa,Acabados de lujo y eficiencia energética.,5363156,True
44,INM-20746,Consultorio Médico,Cerca a centros comerciales y transporte público.,1010816,True
45,INM-12949,Apartamento Studio,Cerca a centros comerciales y transporte público.,6440720,True
46,INM-91641,Bodega Industrial,Ubicación estratégica en el centro financiero.,13282418,True
47,INM-22186,Apartamento Studio,Seguridad reforzada y acceso controlado.,8538156,True
48,INM-22377,Bodega Industrial,Cerca a centros comerciales y transporte público.,13032099,True
49,INM-47539,Penthouse,Cerca a centros comerciales y transporte público.,1557730,True
50,INM-75952,Consultorio Médico,Ubicación estratégica en el centro financiero.,7976109,True
51,INM-15782,Apartamento Studio,Seguridad reforzada y acceso controlado.,8551543,True
52,INM-62831,Local Comercial,Seguridad reforzada y acceso controlado.,8368569,True
53,INM-95310,Penthouse,Ubicado en zona norte con vista panorámica.,9602367,True
54,INM-11185,Parqueadero Cubierto,Acabados de lujo y eficiencia energética.,5246498,True
55,INM-29548,Parqueadero Cubierto,Ubicación estratégica en el centro financiero.,9848918,True
56,INM-47002,Consultorio Médico,Ubicado en zona norte con vista panorámica.,11029312,True
57,INM-15743,Lote Urbanizado,Área residencial tranquila con zonas verdes.,14098992,True
58,INM-25521,Lote Urbanizado,Seguridad reforzada y acceso controlado.,8777658,True
59,INM-73399,Casa Campestre,Espacio abierto con doble altura.,12582160,True
60,INM-23048,Apartamento Studio,Ubicado en zona norte con vista panorámica.,6863587,True
61,INM-87329,Penthouse,Ubicado en zona norte con vista panorámica.,6804711,True
62,INM-52803,Casa Campestre,Área residencial tranquila con zonas verdes.,10687108,True
63,INM-76515,Parqueadero Cubierto,Área residencial tranquila con zonas verdes.,6606903,True
64,INM-63300,Bodega Industrial,Espacio abierto con doble altura.,3542256,True
65,INM-47030,Consultorio Médico,Seguridad reforzada y acceso controlado.,9508755,True
66,INM-27477,Bodega Industrial,Ubicado en zona norte con vista panorámica.,13249679,True
67,INM-20307,Penthouse,Ubicación estratégica en el centro financiero.,5537176,True
68,INM-73973,Parqueadero Cubierto,Área residencial tranquila con zonas verdes.,6615196,True
69,INM-25298,Consultorio Médico,Espacio abierto con doble altura.,9113247,True
70,INM-71043,Oficina Corporativa,Acabados de lujo y eficiencia energética.,6301939,True
71,INM-87427,Lote Urbanizado,Ubicación estratégica en el centro financiero.,2694505,True
72,INM-77997,Parqueadero Cubierto,Espacio abierto con doble altura.,9856857,True
73,INM-95408,Apartamento Studio,Cerca a centros comerciales y transporte público.,10529537,True
74,INM-26762,Oficina Corporativa,Seguridad reforzada y acceso controlado.,4318123,True
75,INM-18216,Local Comercial,Acabados de lujo y eficiencia energética.,9630741,True
76,INM-30796,Bodega Industrial,Espacio abierto con doble altura.,14082324,True
77,INM-71856,Lote Urbanizado,Ubicación estratégica en el centro financiero.,12387057,True
78,INM-48221,Parqueadero Cubierto,Área residencial tranquila con zonas verdes.,5265734,True
79,INM-90449,Parqueadero Cubierto,Cerca a centros comerciales y transporte público.,14379931,True
80,INM-64481,Apartamento Studio,Acabados de lujo y eficiencia energética.,7289302,True
81,INM-15348,Apartamento Studio,Ubicado en zona norte con vista panorámica.,12772530,True
82,INM-51719,Lote Urbanizado,Cerca a centros comerciales y transporte público.,14561905,True
83,INM-17847,Parqueadero Cubierto,Cerca a centros comerciales y transporte público.,9816777,True
84,INM-64375,Lote Urbanizado,Espacio abierto con doble altura.,7580145,True
85,INM-78020,Bodega Industrial,Acabados de lujo y eficiencia energética.,13651319,True
86,INM-74474,Local Comercial,Espacio abierto con doble altura.,6051727,True
87,INM-95105,Apartamento Studio,Ubicación estratégica en el centro financiero.,11189029,True
88,INM-19075,Consultorio Médico,Seguridad reforzada y acceso controlado.,4896911,True
89,INM-52636,Apartamento Studio,Seguridad reforzada y acceso controlado.,9425014,True
90,INM-21325,Parqueadero Cubierto,Cerca a centros comerciales y transporte público.,7458586,True
91,INM-98032,Consultorio Médico,Ubicación estratégica en el centro financiero.,6185550,True
92,INM-39434,Lote Urbanizado,Espacio abierto con doble altura.,8563967,True
93,INM-43876,Local Comercial,Seguridad reforzada y acceso controlado.,1566911,True
94,INM-10774,Local Comercial,Cerca a centros comerciales y transporte público.,3306543,True
95,INM-14472,Penthouse,Área residencial tranquila con zonas verdes.,13496914,True
96,INM-50063,Lote Urbanizado,Seguridad reforzada y acceso controlado.,4472304,True
97,INM-13895,Apartamento Studio,Ubicado en zona norte con vista panorámica.,13757768,True
98,INM-84416,Local Comercial,Seguridad reforzada y acceso controlado.,9572991,True
99,INM-63029,Parqueadero Cubierto,Ubicación estratégica en el centro financiero.,13700613,True
100,INM-55741,Penthouse,Cerca a centros comerciales y transporte público.,11131696,True
101,INM-79188,Consultorio Médico,Ubicado en zona norte con vista panorámica.,11533759,True
102,INM-97155,Parqueadero Cubierto,Ubicado en zona norte con vista panorámica.,7434232,True
103,INM-94286,Parqueadero Cubierto,Cerca a centros comerciales y transporte público.,11632530,True
104,INM-20448,Local Comercial,Área residencial tranquila con zonas verdes.,7230817,True
105,INM-21440,Parqueadero Cubierto,Espacio abierto con doble altura.,5816818,True
106,INM-11971,Penthouse,Área residencial tranquila con zonas verdes.,12804590,True
107,INM-60562,Apartamento Studio,Acabados de lujo y eficiencia energética.,12969278,True
108,INM-92679,Local Comercial,Área residencial tranquila con zonas verdes.,8479492,True
109,INM-10794,Bodega Industrial,Seguridad reforzada y acceso controlado.,7352630,True
110,INM-14061,Oficina Corporativa,Seguridad reforzada y acceso controlado.,11896873,True
111,INM-55139,Penthouse,Área residencial tranquila con zonas verdes.,6819912,True
112,INM-53016,Consultorio Médico,Cerca a centros comerciales y transporte público.,2650565,True
113,INM-50104,Local Comercial,Acabados de lujo y eficiencia energética.,1712988,True
114,INM-92721,Casa Campestre,Ubicación estratégica en el centro financiero.,10750744,True
115,INM-78171,Lote Urbanizado,Espacio abierto con doble altura.,855262,True
116,INM-35333,Bodega Industrial,Cerca a centros comerciales y transporte público.,4549455,True
117,INM-60431,Penthouse,Ubicado en zona norte con vista panorámica.,3462791,True
118,INM-82145,Consultorio Médico,Espacio abierto con doble altura.,9996922,True
119,INM-96840,Lote Urbanizado,Acabados de lujo y eficiencia energética.,11002049,True
120,INM-52799,Parqueadero Cubierto,Área residencial tranquila con zonas verdes.,9060606,True
121,INM-21639,Penthouse,Acabados de lujo y eficiencia energética.,1353679,True
122,INM-22685,Apartamento Studio,Cerca a centros comerciales y transporte público.,5238376,True
123,INM-35528,Casa Campestre,Cerca a centros comerciales y transporte público.,6508448,True
124,INM-92581,Bodega Industrial,Ubicación estratégica en el centro financiero.,932347,True
125,INM-78259,Apartamento Studio,Seguridad reforzada y acceso controlado.,3448406,True
126,INM-60546,Lote Urbanizado,Seguridad reforzada y acceso controlado.,8675699,True
127,INM-46185,Penthouse,Acabados de lujo y eficiencia energética.,12924807,True
128,INM-92542,Penthouse,Espacio abierto con doble altura.,11818272,True
129,INM-23395,Apartamento Studio,Seguridad reforzada y acceso controlado.,952247,True
130,INM-88757,Casa Campestre,Espacio abierto con doble altura.,12955839,True
131,INM-49048,Parqueadero Cubierto,Ubicado en zona norte con vista panorámica.,1562716,True
132,INM-93312,Bodega Industrial,Seguridad reforzada y acceso controlado.,5361416,True
133,INM-56750,Consultorio Médico,Acabados de lujo y eficiencia energética.,1797312,True
134,INM-61375,Parqueadero Cubierto,Acabados de lujo y eficiencia energética.,12128545,True
135,INM-16972,Parqueadero Cubierto,Espacio abierto con doble altura.,11432390,True
136,INM-14710,Consultorio Médico,Ubicado en zona norte con vista panorámica.,9602993,True
137,INM-89059,Lote Urbanizado,Ubicación estratégica en el centro financiero.,3632547,True
138,INM-15862,Local Comercial,Seguridad reforzada y acceso controlado.,1871258,True
139,INM-41707,Lote Urbanizado,Seguridad reforzada y acceso controlado.,8898974,True
140,INM-38647,Parqueadero Cubierto,Seguridad reforzada y acceso controlado.,12738166,True
141,INM-59794,Apartamento Studio,Ubicación estratégica en el centro financiero.,7251795,True
142,INM-63063,Lote Urbanizado,Cerca a centros comerciales y transporte público.,1601827,True
143,INM-28397,Penthouse,Espacio abierto con doble altura.,3934252,True
144,INM-45904,Local Comercial,Ubicación estratégica en el centro financiero.,2643667,True
145,INM-68664,Apartamento Studio,Cerca a centros comerciales y transporte público.,9447860,True
146,INM-79972,Local Comercial,Cerca a centros comerciales y transporte público.,4173171,True
147,INM-32754,Apartamento Studio,Espacio abierto con doble altura.,4378933,True
148,INM-22211,Local Comercial,Espacio abierto con doble altura.,13819014,True
149,INM-19189,Apartamento Studio,Ubicado en zona norte con vista panorámica.,13760857,True
150,INM-14563,Bodega Industrial,Seguridad reforzada y acceso controlado.,8743628,True
151,INM-88794,Casa Campestre,Área residencial tranquila con zonas verdes.,7677524,True
152,INM-25810,Consultorio Médico,Ubicación estratégica en el centro financiero.,3236587,True
153,INM-57578,Local Comercial,Ubicado en zona norte con vista panorámica.,6396855,True
154,INM-88279,Local Comercial,Acabados de lujo y eficiencia energética.,11826456,True
155,INM-67390,Oficina Corporativa,Acabados de lujo y eficiencia energética.,9586283,True
156,INM-57230,Local Comercial,Ubicado en zona norte con vista panorámica.,12193552,True
157,INM-95450,Oficina Corporativa,Ubicado en zona norte con vista panorámica.,8229701,True
158,INM-47075,Parqueadero Cubierto,Acabados de lujo y eficiencia energética.,10953882,True
159,INM-58795,Apartamento Studio,Acabados de lujo y eficiencia energética.,4531229,True
160,INM-39575,Parqueadero Cubierto,Ubicación estratégica en el centro financiero.,7612080,True
161,INM-46307,Local Comercial,Cerca a centros comerciales y transporte público.,2458117,True
162,INM-28456,Casa Campestre,Seguridad reforzada y acceso controlado.,11271614,True
163,INM-96139,Apartamento Studio,Cerca a centros comerciales y transporte público.,8518506,True
164,INM-30203,Penthouse,Ubicación estratégica en el centro financiero.,7745713,True
165,INM-35590,Consultorio Médico,Seguridad reforzada y acceso controlado.,14964157,True
166,INM-53047,Apartamento Studio,Ubicado en zona norte con vista panorámica.,5430620,True
167,INM-33004,Casa Campestre,Espacio abierto con doble altura.,7200933,True
168,INM-12396,Lote Urbanizado,Espacio abierto con doble altura.,12725656,True
169,INM-36453,Parqueadero Cubierto,Ubicación estratégica en el centro financiero.,2847180,True
170,INM-93316,Lote Urbanizado,Ubicado en zona norte con vista panorámica.,9354557,True
171,INM-40180,Apartamento Studio,Ubicado en zona norte con vista panorámica.,4562598,True
172,INM-13699,Lote Urbanizado,Acabados de lujo y eficiencia energética.,7117618,True
173,INM-17869,Bodega Industrial,Cerca a centros comerciales y transporte público.,13858034,True
174,INM-22741,Consultorio Médico,Ubicado en zona norte con vista panorámica.,11067826,True
175,INM-89025,Lote Urbanizado,Ubicado en zona norte con vista panorámica.,10322113,True
176,INM-32110,Local Comercial,Espacio abierto con doble altura.,3741152,True
177,INM-35198,Bodega Industrial,Acabados de lujo y eficiencia energética.,6925622,True
178,INM-52428,Parqueadero Cubierto,Espacio abierto con doble altura.,5281665,True
179,INM-15261,Local Comercial,Ubicado en zona norte con vista panorámica.,7593146,True
180,INM-93729,Local Comercial,Seguridad reforzada y acceso controlado.,4864876,True
181,INM-36129,Casa Campestre,Acabados de lujo y eficiencia energética.,5337126,True
182,INM-39692,Bodega Industrial,Ubicación estratégica en el centro financiero.,4444960,True
183,INM-97674,Oficina Corporativa,Cerca a centros comerciales y transporte público.,12944313,True
184,INM-29764,Penthouse,Área residencial tranquila con zonas verdes.,7225946,True
185,INM-40891,Consultorio Médico,Ubicado en zona norte con vista panorámica.,6649346,True
186,INM-27415,Penthouse,Ubicado en zona norte con vista panorámica.,9053133,True
187,INM-63763,Lote Urbanizado,Ubicado en zona norte con vista panorámica.,12923450,True
188,INM-47028,Casa Campestre,Cerca a centros comerciales y transporte público.,10607444,True
189,INM-56986,Casa Campestre,Espacio abierto con doble altura.,13571375,True
190,INM-70903,Casa Campestre,Área residencial tranquila con zonas verdes.,11003065,True
191,INM-99426,Bodega Industrial,Cerca a centros comerciales y transporte público.,12414457,True
192,INM-36415,Apartamento Studio,Seguridad reforzada y acceso controlado.,2066018,True
193,INM-32631,Consultorio Médico,Ubicación estratégica en el centro financiero.,13941012,True
194,INM-29020,Local Comercial,Ubicado en zona norte con vista panorámica.,12354974,True
195,INM-98301,Penthouse,Seguridad reforzada y acceso controlado.,11247928,True
196,INM-92830,Consultorio Médico,Espacio abierto con doble altura.,4249881,True
197,INM-49284,Bodega Industrial,Seguridad reforzada y acceso controlado.,6651392,True
198,INM-90040,Oficina Corporativa,Acabados de lujo y eficiencia energética.,5448954,True
199,INM-88171,Parqueadero Cubierto,Ubicación estratégica en el centro financiero.,8107249,True
200,INM-24110,Bodega Industrial,Seguridad reforzada y acceso controlado.,11569946,True
201,INM-61941,Penthouse,Ubicación estratégica en el centro financiero.,8882366,True
202,INM-49832,Local Comercial,Área residencial tranquila con zonas verdes.,3759565,True
203,INM-96781,Bodega Industrial,Área residencial tranquila con zonas verdes.,4148361,True
204,INM-78244,Bodega Industrial,Área residencial tranquila con zonas verdes.,1409131,True
205,INM-92198,Apartamento Studio,Área residencial tranquila con zonas verdes.,7652361,True
206,INM-23319,Local Comercial,Área residencial tranquila con zonas verdes.,2484235,True
207,INM-76114,Apartamento Studio,Seguridad reforzada y acceso controlado.,8266293,True
208,INM-71204,Parqueadero Cubierto,Acabados de lujo y eficiencia energética.,6380153,True
209,INM-43022,Local Comercial,Espacio abierto con doble altura.,3873879,True
210,INM-20110,Bodega Industrial,Área residencial tranquila con zonas verdes.,8888359,True
211,INM-30626,Consultorio Médico,Cerca a centros comerciales y transporte público.,9882052,True
212,INM-41678,Consultorio Médico,Acabados de lujo y eficiencia energética.,5001951,True
213,INM-11495,Apartamento Studio,Espacio abierto con doble altura.,8682056,True
214,INM-10731,Bodega Industrial,Acabados de lujo y eficiencia energética.,4619124,True
215,INM-91571,Bodega Industrial,Acabados de lujo y eficiencia energética.,9317606,True
216,INM-49591,Lote Urbanizado,Ubicado en zona norte con vista panorámica.,12876929,True
217,INM-63199,Apartamento Studio,Ubicación estratégica en el centro financiero.,14997336,True
218,INM-61317,Penthouse,Ubicado en zona norte con vista panorámica.,6630125,True
219,INM-79732,Bodega Industrial,Área residencial tranquila con zonas verdes.,2559771,True
220,INM-42895,Parqueadero Cubierto,Cerca a centros comerciales y transporte público.,12472231,True
221,INM-19005,Parqueadero Cubierto,Ubicación estratégica en el centro financiero.,2034030,True
222,INM-12279,Apartamento Studio,Acabados de lujo y eficiencia energética.,9267973,True
223,INM-69324,Consultorio Médico,Área residencial tranquila con zonas verdes.,7484448,True
224,INM-50813,Bodega Industrial,Acabados de lujo y eficiencia energética.,4805471,True
225,INM-88467,Penthouse,Ubicado en zona norte con vista panorámica.,10513723,True
226,INM-87063,Apartamento Studio,Acabados de lujo y eficiencia energética.,4361711,True
227,INM-60467,Consultorio Médico,Ubicado en zona norte con vista panorámica.,9342285,True
228,INM-40349,Oficina Corporativa,Ubicación estratégica en el centro financiero.,9390906,True
229,INM-89028,Oficina Corporativa,Acabados de lujo y eficiencia energética.,8114581,True
230,INM-80838,Casa Campestre,Ubicación estratégica en el centro financiero.,8964108,True
231,INM-21329,Apartamento Studio,Seguridad reforzada y acceso controlado.,12706486,True
232,INM-65439,Bodega Industrial,Ubicación estratégica en el centro financiero.,12730204,True
233,INM-47874,Casa Campestre,Seguridad reforzada y acceso controlado.,4641881,True
234,INM-13164,Parqueadero Cubierto,Espacio abierto con doble altura.,11005294,True
235,INM-23207,Parqueadero Cubierto,Ubicación estratégica en el centro financiero.,884805,True
236,INM-97689,Oficina Corporativa,Ubicación estratégica en el centro financiero.,5030509,True
237,INM-91049,Consultorio Médico,Ubicado en zona norte con vista panorámica.,3033079,True
238,INM-92844,Apartamento Studio,Espacio abierto con doble altura.,9294427,True
239,INM-72780,Local Comercial,Área residencial tranquila con zonas verdes.,12884049,True
240,INM-91196,Apartamento Studio,Cerca a centros comerciales y transporte público.,1465058,True
241,INM-71871,Consultorio Médico,Cerca a centros comerciales y transporte público.,8928315,True
242,INM-79720,Penthouse,Cerca a centros comerciales y transporte público.,11484285,True
243,INM-99724,Penthouse,Área residencial tranquila con zonas verdes.,2686520,True
244,INM-89133,Consultorio Médico,Ubicado en zona norte con vista panorámica.,9202796,True
245,INM-75049,Local Comercial,Seguridad reforzada y acceso controlado.,5643066,True
246,INM-68596,Oficina Corporativa,Cerca a centros comerciales y transporte público.,13609292,True
247,INM-59179,Oficina Corporativa,Acabados de lujo y eficiencia energética.,9756947,True
248,INM-67746,Bodega Industrial,Espacio abierto con doble altura.,11483863,True
249,INM-60504,Oficina Corporativa,Ubicación estratégica en el centro financiero.,12331820,True
250,INM-33871,Penthouse,Ubicado en zona norte con vista panorámica.,2966220,True
251,INM-91291,Apartamento Studio,Espacio abierto con doble altura.,10253722,True
252,INM-39768,Apartamento Studio,Área residencial tranquila con zonas verdes.,4032352,True
253,INM-58211,Consultorio Médico,Ubicación estratégica en el centro financiero.,1145194,True
254,INM-84911,Consultorio Médico,Área residencial tranquila con zonas verdes.,13288354,True
255,INM-51889,Apartamento Studio,Cerca a centros comerciales y transporte público.,2154467,True
256,INM-68950,Parqueadero Cubierto,Ubicación estratégica en el centro financiero.,12811792,True
257,INM-17383,Bodega Industrial,Ubicado en zona norte con vista panorámica.,3557781,True
258,INM-31153,Casa Campestre,Área residencial tranquila con zonas verdes.,12904938,True
259,INM-14753,Penthouse,Seguridad reforzada y acceso controlado.,7763721,True
260,INM-58655,Local Comercial,Ubicación estratégica en el centro financiero.,3756452,True
261,INM-72951,Bodega Industrial,Ubicación estratégica en el centro financiero.,2782382,True
262,INM-45479,Local Comercial,Área residencial tranquila con zonas verdes.,14741405,True
263,INM-22767,Penthouse,Acabados de lujo y eficiencia energética.,13322752,True
264,INM-14307,Lote Urbanizado,Espacio abierto con doble altura.,14707471,True
265,INM-75127,Local Comercial,Cerca a centros comerciales y transporte público.,7352168,True
266,INM-21295,Lote Urbanizado,Área residencial tranquila con zonas verdes.,8772687,True
267,INM-33813,Parqueadero Cubierto,Cerca a centros comerciales y transporte público.,9690088,True
268,INM-24157,Local Comercial,Área residencial tranquila con zonas verdes.,11402995,True
269,INM-53628,Parqueadero Cubierto,Espacio abierto con doble altura.,2893807,True
270,INM-90581,Bodega Industrial,Acabados de lujo y eficiencia energética.,8808330,True
271,INM-68107,Local Comercial,Área residencial tranquila con zonas verdes.,13610097,True
272,INM-36879,Local Comercial,Ubicado en zona norte con vista panorámica.,4379167,True
273,INM-47473,Lote Urbanizado,Cerca a centros comerciales y transporte público.,6951230,True
274,INM-56113,Casa Campestre,Espacio abierto con doble altura.,13914694,True
275,INM-53736,Lote Urbanizado,Espacio abierto con doble altura.,11808394,True
276,INM-78623,Local Comercial,Seguridad reforzada y acceso controlado.,10223930,True
277,INM-48819,Consultorio Médico,Espacio abierto con doble altura.,9332640,True
278,INM-79545,Consultorio Médico,Cerca a centros comerciales y transporte público.,9528728,True
279,INM-57268,Lote Urbanizado,Ubicación estratégica en el centro financiero.,3783274,True
280,INM-80858,Penthouse,Ubicación estratégica en el centro financiero.,5373098,True
281,INM-28803,Consultorio Médico,Acabados de lujo y eficiencia energética.,9306003,True
282,INM-52365,Penthouse,Ubicación estratégica en el centro financiero.,9527990,True
283,INM-44932,Lote Urbanizado,Ubicación estratégica en el centro financiero.,2751301,True
284,INM-29246,Oficina Corporativa,Ubicado en zona norte con vista panorámica.,1202932,True
285,INM-79272,Parqueadero Cubierto,Área residencial tranquila con zonas verdes.,4496819,True
286,INM-85211,Casa Campestre,Acabados de lujo y eficiencia energética.,987444,True
287,INM-43671,Penthouse,Acabados de lujo y eficiencia energética.,14111830,True
288,INM-70721,Oficina Corporativa,Ubicación estratégica en el centro financiero.,8499371,True
289,INM-17552,Bodega Industrial,Seguridad reforzada y acceso controlado.,8015121,True
290,INM-26716,Local Comercial,Ubicación estratégica en el centro financiero.,1560827,True
291,INM-37999,Casa Campestre,Ubicación estratégica en el centro financiero.,7590531,True
292,INM-79687,Apartamento Studio,Área residencial tranquila con zonas verdes.,9089292,True
293,INM-53714,Lote Urbanizado,Área residencial tranquila con zonas verdes.,2755647,True
294,INM-79326,Oficina Corporativa,Área residencial tranquila con zonas verdes.,2992545,True
295,INM-94842,Local Comercial,Espacio abierto con doble altura.,2211274,True
296,INM-64371,Bodega Industrial,Seguridad reforzada y acceso controlado.,4106021,True
297,INM-31877,Consultorio Médico,Seguridad reforzada y acceso controlado.,7287188,True
298,INM-63609,Casa Campestre,Ubicado en zona norte con vista panorámica.,2508183,True
299,INM-73496,Oficina Corporativa,Espacio abierto con doble altura.,6297781,True
300,INM-33634,Bodega Industrial,Cerca a centros comerciales y transporte público.,12380332,True
301,INM-89596,Apartamento Studio,Seguridad reforzada y acceso controlado.,4504081,True
302,INM-95284,Apartamento Studio,Ubicación estratégica en el centro financiero.,4360943,True
303,INM-72947,Consultorio Médico,Ubicación estratégica en el centro financiero.,9190910,True
304,INM-66872,Apartamento Studio,Espacio abierto con doble altura.,1033669,True
305,INM-14967,Penthouse,Ubicado en zona norte con vista panorámica.,9637649,True
306,INM-30230,Lote Urbanizado,Área residencial tranquila con zonas verdes.,12574479,True
307,INM-49985,Parqueadero Cubierto,Espacio abierto con doble altura.,13015339,True
308,INM-35073,Consultorio Médico,Área residencial tranquila con zonas verdes.,2675061,True
309,INM-76244,Parqueadero Cubierto,Ubicado en zona norte con vista panorámica.,7685291,True
310,INM-23107,Oficina Corporativa,Seguridad reforzada y acceso controlado.,3277871,True
311,INM-87143,Penthouse,Espacio abierto con doble altura.,11040007,True
312,INM-70764,Bodega Industrial,Acabados de lujo y eficiencia energética.,5355788,True
313,INM-21903,Casa Campestre,Cerca a centros comerciales y transporte público.,3243791,True
314,INM-19850,Consultorio Médico,Acabados de lujo y eficiencia energética.,7984039,True
315,INM-93166,Apartamento Studio,Cerca a centros comerciales y transporte público.,9844716,True
316,INM-50179,Local Comercial,Acabados de lujo y eficiencia energética.,14537504,True
317,INM-74618,Parqueadero Cubierto,Ubicación estratégica en el centro financiero.,3782646,True
318,INM-56303,Parqueadero Cubierto,Cerca a centros comerciales y transporte público.,13284648,True
319,INM-55406,Casa Campestre,Área residencial tranquila con zonas verdes.,5120851,True
320,INM-69000,Casa Campestre,Seguridad reforzada y acceso controlado.,8635159,True
321,INM-72667,Penthouse,Seguridad reforzada y acceso controlado.,1267652,True
322,INM-46370,Bodega Industrial,Ubicación estratégica en el centro financiero.,14005163,True
323,INM-98106,Bodega Industrial,Ubicación estratégica en el centro financiero.,10794497,True
324,INM-49103,Lote Urbanizado,Espacio abierto con doble altura.,5627090,True
325,INM-10961,Lote Urbanizado,Ubicación estratégica en el centro financiero.,5881216,True
326,INM-17117,Apartamento Studio,Seguridad reforzada y acceso controlado.,13280395,True
327,INM-82592,Consultorio Médico,Seguridad reforzada y acceso controlado.,11637589,True
328,INM-68077,Parqueadero Cubierto,Acabados de lujo y eficiencia energética.,14213788,True
329,INM-21343,Casa Campestre,Acabados de lujo y eficiencia energética.,14100172,True
330,INM-24474,Local Comercial,Seguridad reforzada y acceso controlado.,10855728,True
331,INM-53532,Oficina Corporativa,Ubicado en zona norte con vista panorámica.,3476168,True
332,INM-32840,Apartamento Studio,Área residencial tranquila con zonas verdes.,13229400,True
333,INM-56913,Apartamento Studio,Seguridad reforzada y acceso controlado.,11605616,True
334,INM-61799,Apartamento Studio,Cerca a centros comerciales y transporte público.,9068300,True
335,INM-94454,Lote Urbanizado,Ubicación estratégica en el centro financiero.,6286904,True
336,INM-26579,Casa Campestre,Ubicado en zona norte con vista panorámica.,13334582,True
337,INM-92467,Consultorio Médico,Ubicación estratégica en el centro financiero.,1063452,True
338,INM-61733,Oficina Corporativa,Ubicado en zona norte con vista panorámica.,2653715,True
339,INM-78636,Casa Campestre,Ubicación estratégica en el centro financiero.,14794072,True
340,INM-92074,Penthouse,Espacio abierto con doble altura.,5667501,True
341,INM-88468,Consultorio Médico,Área residencial tranquila con zonas verdes.,2705852,True
342,INM-32223,Local Comercial,Seguridad reforzada y acceso controlado.,14123884,True
343,INM-64671,Apartamento Studio,Acabados de lujo y eficiencia energética.,9442498,True
344,INM-59823,Parqueadero Cubierto,Ubicación estratégica en el centro financiero.,5364847,True
345,INM-17404,Oficina Corporativa,Cerca a centros comerciales y transporte público.,829549,True
346,INM-50781,Parqueadero Cubierto,Acabados de lujo y eficiencia energética.,1602040,True
347,INM-83237,Consultorio Médico,Espacio abierto con doble altura.,5086520,True
348,INM-85801,Lote Urbanizado,Seguridad reforzada y acceso controlado.,10282931,True
349,INM-96392,Casa Campestre,Cerca a centros comerciales y transporte público.,940430,True
350,INM-20946,Parqueadero Cubierto,Espacio abierto con doble altura.,7275301,True
351,INM-48015,Parqueadero Cubierto,Ubicación estratégica en el centro financiero.,14239292,True
352,INM-51646,Consultorio Médico,Espacio abierto con doble altura.,3331251,True
353,INM-58649,Local Comercial,Acabados de lujo y eficiencia energética.,5974821,True
354,INM-36351,Penthouse,Ubicado en zona norte con vista panorámica.,11710868,True
355,INM-31701,Bodega Industrial,Ubicado en zona norte con vista panorámica.,3569259,True
356,INM-74878,Parqueadero Cubierto,Cerca a centros comerciales y transporte público.,12530588,True
357,INM-91577,Apartamento Studio,Cerca a centros comerciales y transporte público.,6250913,True
358,INM-68161,Oficina Corporativa,Acabados de lujo y eficiencia energética.,3585289,True
359,INM-70073,Local Comercial,Acabados de lujo y eficiencia energética.,3693859,True
360,INM-25659,Consultorio Médico,Cerca a centros comerciales y transporte público.,13726108,True
361,INM-77272,Apartamento Studio,Seguridad reforzada y acceso controlado.,6369991,True
362,INM-78282,Parqueadero Cubierto,Ubicado en zona norte con vista panorámica.,6169473,True
363,INM-22587,Lote Urbanizado,Cerca a centros comerciales y transporte público.,5266279,True
364,INM-20977,Parqueadero Cubierto,Ubicación estratégica en el centro financiero.,6689783,True
365,INM-87653,Local Comercial,Acabados de lujo y eficiencia energética.,2794305,True
366,INM-41616,Consultorio Médico,Ubicación estratégica en el centro financiero.,4017110,True
367,INM-59632,Lote Urbanizado,Ubicación estratégica en el centro financiero.,5258470,True
368,INM-50262,Apartamento Studio,Ubicado en zona norte con vista panorámica.,2145346,True
369,INM-55460,Parqueadero Cubierto,Ubicado en zona norte con vista panorámica.,14483190,True
370,INM-61563,Bodega Industrial,Ubicado en zona norte con vista panorámica.,5801812,True
371,INM-16877,Local Comercial,Cerca a centros comerciales y transporte público.,4211165,True
372,INM-55487,Penthouse,Cerca a centros comerciales y transporte público.,13169504,True
373,INM-70524,Penthouse,Cerca a centros comerciales y transporte público.,2402224,True
374,INM-61567,Consultorio Médico,Área residencial tranquila con zonas verdes.,8827323,True
375,INM-54340,Consultorio Médico,Área residencial tranquila con zonas verdes.,11407978,True
376,INM-38550,Bodega Industrial,Área residencial tranquila con zonas verdes.,13007874,True
377,INM-77173,Apartamento Studio,Área residencial tranquila con zonas verdes.,7841082,True
378,INM-31847,Casa Campestre,Área residencial tranquila con zonas verdes.,1377223,True
379,INM-70997,Lote Urbanizado,Acabados de lujo y eficiencia energética.,10217153,True
380,INM-93909,Casa Campestre,Área residencial tranquila con zonas verdes.,1359325,True
381,INM-17309,Oficina Corporativa,Seguridad reforzada y acceso controlado.,6133412,True
382,INM-97406,Bodega Industrial,Ubicado en zona norte con vista panorámica.,14834795,True
383,INM-27238,Parqueadero Cubierto,Ubicación estratégica en el centro financiero.,10176772,True
384,INM-16347,Casa Campestre,Acabados de lujo y eficiencia energética.,7280855,True
385,INM-90174,Casa Campestre,Área residencial tranquila con zonas verdes.,12873216,True
386,INM-26698,Parqueadero Cubierto,Espacio abierto con doble altura.,14980073,True
387,INM-67652,Lote Urbanizado,Cerca a centros comerciales y transporte público.,1867018,True
388,INM-76637,Apartamento Studio,Área residencial tranquila con zonas verdes.,10305427,True
389,INM-28554,Apartamento Studio,Espacio abierto con doble altura.,9804994,True
390,INM-26953,Oficina Corporativa,Espacio abierto con doble altura.,11773706,True
391,INM-13706,Casa Campestre,Cerca a centros comerciales y transporte público.,5786779,True
392,INM-24498,Apartamento Studio,Área residencial tranquila con zonas verdes.,12017253,True
393,INM-28178,Local Comercial,Espacio abierto con doble altura.,11993993,True
394,INM-20887,Penthouse,Espacio abierto con doble altura.,8074506,True
395,INM-21419,Local Comercial,Acabados de lujo y eficiencia energética.,1020164,True
396,INM-32099,Bodega Industrial,Espacio abierto con doble altura.,11848463,True
397,INM-16654,Apartamento Studio,Cerca a centros comerciales y transporte público.,10194229,True
398,INM-53397,Oficina Corporativa,Espacio abierto con doble altura.,8801537,True
399,INM-14209,Oficina Corporativa,Ubicado en zona norte con vista panorámica.,13592834,True
400,INM-51215,Parqueadero Cubierto,Cerca a centros comerciales y transporte público.,9505767,True
401,INM-10067,Casa Campestre,Ubicado en zona norte con vista panorámica.,12019520,True
402,INM-35565,Casa Campestre,Seguridad reforzada y acceso controlado.,9365993,True
403,INM-64393,Penthouse,Espacio abierto con doble altura.,6229440,True
404,INM-70539,Apartamento Studio,Acabados de lujo y eficiencia energética.,1481619,True
405,INM-72002,Local Comercial,Espacio abierto con doble altura.,11554738,True
406,INM-12614,Lote Urbanizado,Acabados de lujo y eficiencia energética.,14840408,True
407,INM-34779,Penthouse,Acabados de lujo y eficiencia energética.,10880327,True
408,INM-81061,Apartamento Studio,Ubicación estratégica en el centro financiero.,5384913,True
409,INM-95745,Oficina Corporativa,Acabados de lujo y eficiencia energética.,4816410,True
410,INM-89166,Lote Urbanizado,Espacio abierto con doble altura.,9463914,True
411,INM-62070,Oficina Corporativa,Ubicado en zona norte con vista panorámica.,8903384,True
412,INM-47054,Casa Campestre,Acabados de lujo y eficiencia energética.,12599135,True
413,INM-35254,Penthouse,Ubicado en zona norte con vista panorámica.,9488220,True
414,INM-36795,Parqueadero Cubierto,Cerca a centros comerciales y transporte público.,8868275,True
415,INM-28101,Parqueadero Cubierto,Cerca a centros comerciales y transporte público.,3497741,True
416,INM-48653,Penthouse,Acabados de lujo y eficiencia energética.,6731709,True
417,INM-74128,Bodega Industrial,Cerca a centros comerciales y transporte público.,1209688,True
418,INM-67076,Apartamento Studio,Espacio abierto con doble altura.,9649112,True
419,INM-36315,Casa Campestre,Área residencial tranquila con zonas verdes.,7210894,True
420,INM-45033,Apartamento Studio,Área residencial tranquila con zonas verdes.,9282893,True
421,INM-26963,Bodega Industrial,Ubicación estratégica en el centro financiero.,10603838,True
422,INM-69141,Local Comercial,Cerca a centros comerciales y transporte público.,4991165,True
423,INM-50775,Consultorio Médico,Cerca a centros comerciales y transporte público.,4798243,True
424,INM-81225,Oficina Corporativa,Área residencial tranquila con zonas verdes.,12294807,True
425,INM-49003,Penthouse,Acabados de lujo y eficiencia energética.,13944965,True
426,INM-39697,Apartamento Studio,Acabados de lujo y eficiencia energética.,10314742,True
427,INM-58595,Bodega Industrial,Seguridad reforzada y acceso controlado.,13200062,True
428,INM-30103,Apartamento Studio,Área residencial tranquila con zonas verdes.,12500253,True
429,INM-77693,Bodega Industrial,Cerca a centros comerciales y transporte público.,5612842,True
430,INM-96757,Oficina Corporativa,Ubicación estratégica en el centro financiero.,1578311,True
431,INM-83654,Penthouse,Ubicación estratégica en el centro financiero.,14964641,True
432,INM-39583,Local Comercial,Acabados de lujo y eficiencia energética.,13674927,True
433,INM-62960,Consultorio Médico,Seguridad reforzada y acceso controlado.,3837372,True
434,INM-22910,Bodega Industrial,Espacio abierto con doble altura.,4809398,True
435,INM-31511,Apartamento Studio,Ubicación estratégica en el centro financiero.,10643791,True
436,INM-59905,Consultorio Médico,Seguridad reforzada y acceso controlado.,11874734,True
437,INM-43797,Oficina Corporativa,Cerca a centros comerciales y transporte público.,14529044,True
438,INM-33081,Casa Campestre,Área residencial tranquila con zonas verdes.,14866693,True
439,INM-63284,Bodega Industrial,Ubicación estratégica en el centro financiero.,1417090,True
440,INM-67225,Apartamento Studio,Acabados de lujo y eficiencia energética.,5704878,True
441,INM-74059,Consultorio Médico,Ubicación estratégica en el centro financiero.,3592981,True
442,INM-13530,Bodega Industrial,Acabados de lujo y eficiencia energética.,12102703,True
443,INM-89760,Casa Campestre,Ubicado en zona norte con vista panorámica.,14068478,True
444,INM-13051,Oficina Corporativa,Cerca a centros comerciales y transporte público.,4875172,True
445,INM-77687,Parqueadero Cubierto,Ubicación estratégica en el centro financiero.,10739180,True
446,INM-58820,Casa Campestre,Ubicación estratégica en el centro financiero.,7960416,True
447,INM-75567,Oficina Corporativa,Ubicación estratégica en el centro financiero.,2052316,True
448,INM-73491,Consultorio Médico,Ubicación estratégica en el centro financiero.,1937549,True
449,INM-21874,Oficina Corporativa,Ubicado en zona norte con vista panorámica.,8035660,True
450,INM-96897,Local Comercial,Espacio abierto con doble altura.,6757545,True
451,INM-37696,Casa Campestre,Acabados de lujo y eficiencia energética.,7364447,True
452,INM-36882,Parqueadero Cubierto,Espacio abierto con doble altura.,7157511,True
453,INM-97911,Casa Campestre,Cerca a centros comerciales y transporte público.,7075102,True
454,INM-65278,Consultorio Médico,Ubicado en zona norte con vista panorámica.,4868453,True
455,INM-55869,Lote Urbanizado,Cerca a centros comerciales y transporte público.,3939643,True
456,INM-15271,Bodega Industrial,Espacio abierto con doble altura.,11382299,True
457,INM-34101,Lote Urbanizado,Acabados de lujo y eficiencia energética.,8913754,True
458,INM-53325,Casa Campestre,Área residencial tranquila con zonas verdes.,8942101,True
459,INM-48397,Local Comercial,Ubicación estratégica en el centro financiero.,6702013,True
460,INM-28250,Apartamento Studio,Seguridad reforzada y acceso controlado.,11614261,True
461,INM-95349,Penthouse,Cerca a centros comerciales y transporte público.,7872207,True
462,INM-73788,Penthouse,Área residencial tranquila con zonas verdes.,10102241,True
463,INM-95390,Bodega Industrial,Cerca a centros comerciales y transporte público.,12056849,True
464,INM-58835,Parqueadero Cubierto,Ubicado en zona norte con vista panorámica.,5658479,True
465,INM-73585,Casa Campestre,Cerca a centros comerciales y transporte público.,1537726,True
466,INM-78841,Consultorio Médico,Cerca a centros comerciales y transporte público.,13090205,True
467,INM-58801,Bodega Industrial,Cerca a centros comerciales y transporte público.,2557236,True
468,INM-74862,Apartamento Studio,Cerca a centros comerciales y transporte público.,5853083,True
469,INM-94439,Bodega Industrial,Cerca a centros comerciales y transporte público.,12256084,True
470,INM-96565,Lote Urbanizado,Cerca a centros comerciales y transporte público.,1012317,True
471,INM-94594,Lote Urbanizado,Cerca a centros comerciales y transporte público.,14760721,True
472,INM-87023,Oficina Corporativa,Ubicación estratégica en el centro financiero.,6515504,True
473,INM-20812,Penthouse,Ubicación estratégica en el centro financiero.,13053652,True
474,INM-66432,Apartamento Studio,Acabados de lujo y eficiencia energética.,14262629,True
475,INM-60579,Bodega Industrial,Ubicado en zona norte con vista panorámica.,1415473,True
476,INM-84811,Penthouse,Área residencial tranquila con zonas verdes.,7733978,True
477,INM-42445,Apartamento Studio,Ubicación estratégica en el centro financiero.,6419761,True
478,INM-59388,Oficina Corporativa,Seguridad reforzada y acceso controlado.,14556775,True
479,INM-79999,Casa Campestre,Área residencial tranquila con zonas verdes.,13261994,True
480,INM-95535,Consultorio Médico,Espacio abierto con doble altura.,7640966,True
481,INM-31020,Lote Urbanizado,Acabados de lujo y eficiencia energética.,10684597,True
482,INM-17157,Apartamento Studio,Cerca a centros comerciales y transporte público.,2896796,True
483,INM-90110,Bodega Industrial,Ubicado en zona norte con vista panorámica.,4366238,True
484,INM-30202,Bodega Industrial,Ubicado en zona norte con vista panorámica.,11884995,True
485,INM-18366,Oficina Corporativa,Cerca a centros comerciales y transporte público.,14273503,True
486,INM-78519,Parqueadero Cubierto,Ubicación estratégica en el centro financiero.,1278318,True
487,INM-55348,Penthouse,Ubicación estratégica en el centro financiero.,14579327,True
488,INM-98492,Lote Urbanizado,Espacio abierto con doble altura.,7720304,True
489,INM-33295,Lote Urbanizado,Seguridad reforzada y acceso controlado.,4372616,True
490,INM-26687,Penthouse,Ubicado en zona norte con vista panorámica.,5470667,True
491,INM-18250,Penthouse,Acabados de lujo y eficiencia energética.,6648027,True
492,INM-31698,Penthouse,Ubicado en zona norte con vista panorámica.,14642063,True
493,INM-46069,Bodega Industrial,Acabados de lujo y eficiencia energética.,4472030,True
494,INM-94988,Consultorio Médico,Seguridad reforzada y acceso controlado.,11065106,True
495,INM-48076,Lote Urbanizado,Cerca a centros comerciales y transporte público.,1034055,True
496,INM-98722,Bodega Industrial,Ubicado en zona norte con vista panorámica.,7716372,True
497,INM-77823,Bodega Industrial,Área residencial tranquila con zonas verdes.,7197644,True
498,INM-21536,Parqueadero Cubierto,Área residencial tranquila con zonas verdes.,10642130,True
499,INM-14716,Oficina Corporativa,Ubicación estratégica en el centro financiero.,8522720,True
500,INM-29678,Consultorio Médico,Espacio abierto con doble altura.,7711586,True
501,INM-35865,Lote Urbanizado,Espacio abierto con doble altura.,5220054,True
502,INM-45590,Apartamento Studio,Área residencial tranquila con zonas verdes.,5678336,True
503,INM-50453,Casa Campestre,Espacio abierto con doble altura.,2759488,True
504,INM-41941,Oficina Corporativa,Cerca a centros comerciales y transporte público.,6855424,True
505,INM-43871,Bodega Industrial,Ubicación estratégica en el centro financiero.,8571657,True
506,INM-57214,Oficina Corporativa,Acabados de lujo y eficiencia energética.,3073574,True
507,INM-75279,Local Comercial,Ubicación estratégica en el centro financiero.,4685442,True
508,INM-41413,Casa Campestre,Área residencial tranquila con zonas verdes.,14719547,True
509,INM-90631,Local Comercial,Área residencial tranquila con zonas verdes.,1931874,True
510,INM-95551,Apartamento Studio,Espacio abierto con doble altura.,3630785,True
511,INM-72467,Bodega Industrial,Ubicado en zona norte con vista panorámica.,11793288,True
512,INM-78998,Penthouse,Ubicación estratégica en el centro financiero.,5697923,True
513,INM-92808,Apartamento Studio,Cerca a centros comerciales y transporte público.,1328544,True
514,INM-20957,Oficina Corporativa,Cerca a centros comerciales y transporte público.,12411546,True
515,INM-75755,Lote Urbanizado,Seguridad reforzada y acceso controlado.,11940442,True
516,INM-45123,Consultorio Médico,Seguridad reforzada y acceso controlado.,8837820,True
517,INM-67045,Apartamento Studio,Cerca a centros comerciales y transporte público.,6957355,True
518,INM-58649,Consultorio Médico,Seguridad reforzada y acceso controlado.,14738337,True
519,INM-69800,Casa Campestre,Cerca a centros comerciales y transporte público.,9241304,True
520,INM-26382,Casa Campestre,Ubicado en zona norte con vista panorámica.,10351043,True
521,INM-15126,Bodega Industrial,Espacio abierto con doble altura.,3646566,True
522,INM-51242,Oficina Corporativa,Cerca a centros comerciales y transporte público.,9848485,True
523,INM-58294,Oficina Corporativa,Ubicado en zona norte con vista panorámica.,8373569,True
524,INM-27933,Oficina Corporativa,Espacio abierto con doble altura.,3092979,True
525,INM-40307,Lote Urbanizado,Área residencial tranquila con zonas verdes.,13920109,True
526,INM-38561,Bodega Industrial,Espacio abierto con doble altura.,11783539,True
527,INM-62462,Apartamento Studio,Ubicación estratégica en el centro financiero.,2709568,True
528,INM-35101,Oficina Corporativa,Acabados de lujo y eficiencia energética.,5120269,True
529,INM-27055,Apartamento Studio,Espacio abierto con doble altura.,4777364,True
530,INM-32884,Penthouse,Ubicado en zona norte con vista panorámica.,10055871,True
531,INM-48637,Parqueadero Cubierto,Espacio abierto con doble altura.,4350486,True
532,INM-47405,Casa Campestre,Espacio abierto con doble altura.,13475475,True
533,INM-73000,Oficina Corporativa,Espacio abierto con doble altura.,6865206,True
534,INM-74551,Casa Campestre,Ubicación estratégica en el centro financiero.,4745056,True
535,INM-79743,Oficina Corporativa,Ubicado en zona norte con vista panorámica.,9224556,True
536,INM-19258,Apartamento Studio,Área residencial tranquila con zonas verdes.,9310390,True
537,INM-74993,Lote Urbanizado,Ubicación estratégica en el centro financiero.,13326149,True
538,INM-18698,Parqueadero Cubierto,Cerca a centros comerciales y transporte público.,3189869,True
539,INM-94779,Penthouse,Ubicación estratégica en el centro financiero.,5554115,True
540,INM-55495,Casa Campestre,Cerca a centros comerciales y transporte público.,12890005,True
541,INM-88481,Lote Urbanizado,Seguridad reforzada y acceso controlado.,3156701,True
542,INM-80102,Local Comercial,Área residencial tranquila con zonas verdes.,4126926,True
543,INM-13587,Local Comercial,Acabados de lujo y eficiencia energética.,7802442,True
544,INM-46939,Parqueadero Cubierto,Ubicado en zona norte con vista panorámica.,7992875,True
545,INM-82593,Bodega Industrial,Ubicado en zona norte con vista panorámica.,14577460,True
546,INM-22844,Apartamento Studio,Espacio abierto con doble altura.,12061033,True
547,INM-99420,Consultorio Médico,Área residencial tranquila con zonas verdes.,3338048,True
548,INM-43979,Consultorio Médico,Cerca a centros comerciales y transporte público.,6898003,True
549,INM-28018,Lote Urbanizado,Espacio abierto con doble altura.,9492456,True
550,INM-56751,Penthouse,Ubicación estratégica en el centro financiero.,1959874,True
551,INM-20837,Consultorio Médico,Cerca a centros comerciales y transporte público.,14406598,True
552,INM-84062,Local Comercial,Ubicación estratégica en el centro financiero.,6173120,True
553,INM-94774,Penthouse,Espacio abierto con doble altura.,4161984,True
554,INM-83181,Bodega Industrial,Área residencial tranquila con zonas verdes.,5930194,True
555,INM-55960,Local Comercial,Ubicado en zona norte con vista panorámica.,2882300,True
556,INM-59446,Apartamento Studio,Ubicado en zona norte con vista panorámica.,12086639,True
557,INM-50025,Local Comercial,Ubicación estratégica en el centro financiero.,4466178,True
558,INM-38252,Parqueadero Cubierto,Cerca a centros comerciales y transporte público.,7100314,True
559,INM-28376,Lote Urbanizado,Ubicación estratégica en el centro financiero.,6085139,True
560,INM-14238,Consultorio Médico,Ubicado en zona norte con vista panorámica.,7761566,True
561,INM-80544,Apartamento Studio,Ubicado en zona norte con vista panorámica.,11066083,True
562,INM-18713,Local Comercial,Seguridad reforzada y acceso controlado.,9371200,True
563,INM-42175,Penthouse,Área residencial tranquila con zonas verdes.,12720840,True
564,INM-74767,Bodega Industrial,Acabados de lujo y eficiencia energética.,9774622,True
565,INM-93188,Bodega Industrial,Ubicado en zona norte con vista panorámica.,9644927,True
566,INM-71809,Consultorio Médico,Espacio abierto con doble altura.,5180279,True
567,INM-34802,Penthouse,Área residencial tranquila con zonas verdes.,7972506,True
568,INM-90546,Lote Urbanizado,Espacio abierto con doble altura.,6150965,True
569,INM-96032,Parqueadero Cubierto,Acabados de lujo y eficiencia energética.,3640144,True
570,INM-11512,Oficina Corporativa,Ubicación estratégica en el centro financiero.,1500038,True
571,INM-87185,Casa Campestre,Ubicado en zona norte con vista panorámica.,10641654,True
572,INM-11448,Lote Urbanizado,Área residencial tranquila con zonas verdes.,11722651,True
573,INM-28869,Parqueadero Cubierto,Seguridad reforzada y acceso controlado.,9359871,True
574,INM-27804,Consultorio Médico,Ubicación estratégica en el centro financiero.,7605766,True
575,INM-82229,Oficina Corporativa,Espacio abierto con doble altura.,2771643,True
576,INM-13992,Apartamento Studio,Área residencial tranquila con zonas verdes.,950283,True
577,INM-96486,Apartamento Studio,Ubicación estratégica en el centro financiero.,5287332,True
578,INM-70933,Bodega Industrial,Ubicación estratégica en el centro financiero.,1230701,True
579,INM-16899,Casa Campestre,Acabados de lujo y eficiencia energética.,10434080,True
580,INM-40300,Casa Campestre,Ubicación estratégica en el centro financiero.,4703618,True
581,INM-49374,Local Comercial,Cerca a centros comerciales y transporte público.,2763890,True
582,INM-96291,Consultorio Médico,Cerca a centros comerciales y transporte público.,1517227,True
583,INM-22219,Consultorio Médico,Ubicación estratégica en el centro financiero.,4234725,True
584,INM-72387,Penthouse,Acabados de lujo y eficiencia energética.,9386452,True
585,INM-49359,Bodega Industrial,Ubicado en zona norte con vista panorámica.,5988274,True
586,INM-14295,Local Comercial,Seguridad reforzada y acceso controlado.,1502141,True
587,INM-85681,Apartamento Studio,Espacio abierto con doble altura.,14893077,True
588,INM-92056,Apartamento Studio,Espacio abierto con doble altura.,4090461,True
589,INM-43779,Oficina Corporativa,Acabados de lujo y eficiencia energética.,14305013,True
590,INM-46446,Parqueadero Cubierto,Ubicación estratégica en el centro financiero.,7976098,True
591,INM-46007,Apartamento Studio,Seguridad reforzada y acceso controlado.,3143955,True
592,INM-53346,Apartamento Studio,Área residencial tranquila con zonas verdes.,7992058,True
593,INM-69332,Consultorio Médico,Ubicado en zona norte con vista panorámica.,847545,True
594,INM-94640,Local Comercial,Espacio abierto con doble altura.,10167243,True
595,INM-18974,Casa Campestre,Acabados de lujo y eficiencia energética.,9776003,True
596,INM-79362,Lote Urbanizado,Cerca a centros comerciales y transporte público.,7544472,True
597,INM-78450,Casa Campestre,Acabados de lujo y eficiencia energética.,1636204,True
598,INM-72581,Parqueadero Cubierto,Espacio abierto con doble altura.,6638155,True
599,INM-60417,Casa Campestre,Cerca a centros comerciales y transporte público.,11534467,True
600,INM-88475,Oficina Corporativa,Ubicación estratégica en el centro financiero.,6573347,True
601,INM-45483,Consultorio Médico,Ubicado en zona norte con vista panorámica.,9882927,True
602,INM-94356,Penthouse,Cerca a centros comerciales y transporte público.,912538,True
603,INM-28568,Parqueadero Cubierto,Área residencial tranquila con zonas verdes.,5716944,True
604,INM-41343,Parqueadero Cubierto,Seguridad reforzada y acceso controlado.,3209721,True
605,INM-25846,Bodega Industrial,Ubicado en zona norte con vista panorámica.,6866557,True
606,INM-45026,Consultorio Médico,Acabados de lujo y eficiencia energética.,13351484,True
607,INM-79462,Lote Urbanizado,Área residencial tranquila con zonas verdes.,7295437,True
608,INM-85293,Local Comercial,Área residencial tranquila con zonas verdes.,11958698,True
609,INM-62107,Local Comercial,Ubicado en zona norte con vista panorámica.,1392521,True
610,INM-60335,Casa Campestre,Espacio abierto con doble altura.,12325419,True
611,INM-40209,Penthouse,Seguridad reforzada y acceso controlado.,7680450,True
612,INM-27385,Lote Urbanizado,Acabados de lujo y eficiencia energética.,5201200,True
613,INM-12909,Oficina Corporativa,Espacio abierto con doble altura.,3980827,True
614,INM-74920,Apartamento Studio,Área residencial tranquila con zonas verdes.,2828168,True
615,INM-96140,Parqueadero Cubierto,Ubicado en zona norte con vista panorámica.,7195262,True
616,INM-97690,Local Comercial,Ubicación estratégica en el centro financiero.,4384454,True
617,INM-41601,Bodega Industrial,Ubicado en zona norte con vista panorámica.,2136613,True
618,INM-93621,Oficina Corporativa,Ubicación estratégica en el centro financiero.,12227074,True
619,INM-41420,Parqueadero Cubierto,Ubicado en zona norte con vista panorámica.,2029870,True
620,INM-43043,Penthouse,Espacio abierto con doble altura.,4966502,True
621,INM-31237,Parqueadero Cubierto,Acabados de lujo y eficiencia energética.,10858530,True
622,INM-64603,Apartamento Studio,Acabados de lujo y eficiencia energética.,2287407,True
623,INM-32835,Local Comercial,Cerca a centros comerciales y transporte público.,7665286,True
624,INM-13942,Casa Campestre,Espacio abierto con doble altura.,1830775,True
625,INM-46498,Parqueadero Cubierto,Acabados de lujo y eficiencia energética.,7949987,True
626,INM-58916,Penthouse,Acabados de lujo y eficiencia energética.,3149121,True
627,INM-93372,Parqueadero Cubierto,Espacio abierto con doble altura.,8071166,True
628,INM-69365,Apartamento Studio,Ubicado en zona norte con vista panorámica.,3373827,True
629,INM-77162,Apartamento Studio,Seguridad reforzada y acceso controlado.,6141394,True
630,INM-49155,Consultorio Médico,Ubicado en zona norte con vista panorámica.,4255782,True
631,INM-85744,Consultorio Médico,Cerca a centros comerciales y transporte público.,11759033,True
632,INM-28011,Casa Campestre,Cerca a centros comerciales y transporte público.,11738136,True
633,INM-50929,Lote Urbanizado,Seguridad reforzada y acceso controlado.,6524576,True
634,INM-82464,Casa Campestre,Cerca a centros comerciales y transporte público.,5224640,True
635,INM-98721,Lote Urbanizado,Espacio abierto con doble altura.,8305393,True
636,INM-44744,Apartamento Studio,Espacio abierto con doble altura.,12512839,True
637,INM-55885,Lote Urbanizado,Espacio abierto con doble altura.,9029377,True
638,INM-82721,Parqueadero Cubierto,Espacio abierto con doble altura.,9743077,True
639,INM-48124,Lote Urbanizado,Ubicación estratégica en el centro financiero.,14317064,True
640,INM-95196,Penthouse,Ubicación estratégica en el centro financiero.,1162299,True
641,INM-17847,Casa Campestre,Seguridad reforzada y acceso controlado.,3460079,True
642,INM-11745,Oficina Corporativa,Seguridad reforzada y acceso controlado.,9677490,True
643,INM-30091,Casa Campestre,Acabados de lujo y eficiencia energética.,9617118,True
644,INM-49680,Apartamento Studio,Ubicación estratégica en el centro financiero.,8974952,True
645,INM-55892,Oficina Corporativa,Seguridad reforzada y acceso controlado.,8621520,True
646,INM-12842,Oficina Corporativa,Acabados de lujo y eficiencia energética.,7447157,True
647,INM-63302,Penthouse,Ubicación estratégica en el centro financiero.,3823870,True
648,INM-45102,Casa Campestre,Seguridad reforzada y acceso controlado.,5511321,True
649,INM-34549,Penthouse,Ubicación estratégica en el centro financiero.,4843020,True
650,INM-84990,Oficina Corporativa,Espacio abierto con doble altura.,4590375,True
651,INM-91657,Oficina Corporativa,Seguridad reforzada y acceso controlado.,3276419,True
652,INM-32435,Local Comercial,Acabados de lujo y eficiencia energética.,10742030,True
653,INM-83643,Casa Campestre,Ubicación estratégica en el centro financiero.,10641852,True
654,INM-92898,Apartamento Studio,Espacio abierto con doble altura.,11178693,True
655,INM-20575,Apartamento Studio,Espacio abierto con doble altura.,13029548,True
656,INM-84550,Parqueadero Cubierto,Área residencial tranquila con zonas verdes.,1829960,True
657,INM-89343,Apartamento Studio,Acabados de lujo y eficiencia energética.,10704481,True
658,INM-57365,Parqueadero Cubierto,Seguridad reforzada y acceso controlado.,13978319,True
659,INM-38229,Parqueadero Cubierto,Ubicación estratégica en el centro financiero.,13337705,True
660,INM-39763,Parqueadero Cubierto,Ubicado en zona norte con vista panorámica.,11187616,True
661,INM-98129,Penthouse,Ubicado en zona norte con vista panorámica.,2564546,True
662,INM-93169,Bodega Industrial,Acabados de lujo y eficiencia energética.,6220162,True
663,INM-36220,Parqueadero Cubierto,Acabados de lujo y eficiencia energética.,14408305,True
664,INM-30691,Penthouse,Acabados de lujo y eficiencia energética.,1573023,True
665,INM-29935,Apartamento Studio,Acabados de lujo y eficiencia energética.,1122130,True
666,INM-88775,Consultorio Médico,Acabados de lujo y eficiencia energética.,4355542,True
667,INM-34812,Casa Campestre,Seguridad reforzada y acceso controlado.,14209497,True
668,INM-19989,Consultorio Médico,Seguridad reforzada y acceso controlado.,6389109,True
669,INM-78938,Penthouse,Ubicado en zona norte con vista panorámica.,12080871,True
670,INM-66848,Apartamento Studio,Cerca a centros comerciales y transporte público.,4255978,True
671,INM-85238,Parqueadero Cubierto,Ubicado en zona norte con vista panorámica.,4877186,True
672,INM-25711,Local Comercial,Espacio abierto con doble altura.,14818218,True
673,INM-54286,Consultorio Médico,Ubicación estratégica en el centro financiero.,4800074,True
674,INM-98887,Penthouse,Área residencial tranquila con zonas verdes.,12591254,True
675,INM-73387,Apartamento Studio,Cerca a centros comerciales y transporte público.,5448561,True
676,INM-34035,Consultorio Médico,Ubicación estratégica en el centro financiero.,2652176,True
677,INM-93893,Oficina Corporativa,Espacio abierto con doble altura.,5755748,True
678,INM-33718,Apartamento Studio,Cerca a centros comerciales y transporte público.,7595135,True
679,INM-46640,Oficina Corporativa,Cerca a centros comerciales y transporte público.,14313454,True
680,INM-98357,Lote Urbanizado,Espacio abierto con doble altura.,2711897,True
681,INM-25139,Oficina Corporativa,Ubicado en zona norte con vista panorámica.,2690253,True
682,INM-84737,Penthouse,Ubicado en zona norte con vista panorámica.,3561521,True
683,INM-11940,Consultorio Médico,Ubicado en zona norte con vista panorámica.,3276798,True
684,INM-53705,Oficina Corporativa,Ubicado en zona norte con vista panorámica.,12062341,True
685,INM-50988,Oficina Corporativa,Ubicación estratégica en el centro financiero.,14712848,True
686,INM-60758,Lote Urbanizado,Cerca a centros comerciales y transporte público.,4959777,True
687,INM-30915,Lote Urbanizado,Acabados de lujo y eficiencia energética.,1871923,True
688,INM-74918,Consultorio Médico,Espacio abierto con doble altura.,10467162,True
689,INM-28103,Consultorio Médico,Cerca a centros comerciales y transporte público.,8017800,True
690,INM-38320,Parqueadero Cubierto,Ubicación estratégica en el centro financiero.,12097726,True
691,INM-50388,Local Comercial,Cerca a centros comerciales y transporte público.,5735430,True
692,INM-32078,Apartamento Studio,Ubicado en zona norte con vista panorámica.,12601661,True
693,INM-92803,Bodega Industrial,Espacio abierto con doble altura.,9887167,True
694,INM-12531,Penthouse,Seguridad reforzada y acceso controlado.,9663465,True
695,INM-38979,Consultorio Médico,Acabados de lujo y eficiencia energética.,6012710,True
696,INM-50652,Casa Campestre,Espacio abierto con doble altura.,8642743,True
697,INM-95626,Oficina Corporativa,Acabados de lujo y eficiencia energética.,6058531,True
698,INM-18620,Casa Campestre,Espacio abierto con doble altura.,5085353,True
699,INM-96495,Parqueadero Cubierto,Ubicación estratégica en el centro financiero.,6195878,True
700,INM-60962,Consultorio Médico,Espacio abierto con doble altura.,8296042,True
701,INM-67374,Casa Campestre,Ubicado en zona norte con vista panorámica.,4950075,True
702,INM-90770,Oficina Corporativa,Espacio abierto con doble altura.,2916887,True
703,INM-23632,Bodega Industrial,Espacio abierto con doble altura.,2229895,True
704,INM-19218,Casa Campestre,Seguridad reforzada y acceso controlado.,12843972,True
705,INM-30168,Oficina Corporativa,Ubicación estratégica en el centro financiero.,2761304,True
706,INM-31133,Penthouse,Área residencial tranquila con zonas verdes.,1479191,True
707,INM-50926,Local Comercial,Seguridad reforzada y acceso controlado.,7388982,True
708,INM-48210,Local Comercial,Acabados de lujo y eficiencia energética.,13617846,True
709,INM-88813,Lote Urbanizado,Área residencial tranquila con zonas verdes.,4770307,True
710,INM-88892,Casa Campestre,Cerca a centros comerciales y transporte público.,14121619,True
711,INM-10586,Consultorio Médico,Ubicado en zona norte con vista panorámica.,10042610,True
712,INM-42777,Local Comercial,Seguridad reforzada y acceso controlado.,8307877,True
713,INM-65940,Consultorio Médico,Seguridad reforzada y acceso controlado.,4507552,True
714,INM-23582,Casa Campestre,Ubicación estratégica en el centro financiero.,13749461,True
715,INM-93880,Apartamento Studio,Seguridad reforzada y acceso controlado.,4561170,True
716,INM-90521,Consultorio Médico,Seguridad reforzada y acceso controlado.,4670327,True
717,INM-41970,Parqueadero Cubierto,Acabados de lujo y eficiencia energética.,6717234,True
718,INM-93211,Lote Urbanizado,Acabados de lujo y eficiencia energética.,12964211,True
719,INM-98112,Local Comercial,Seguridad reforzada y acceso controlado.,9596394,True
720,INM-90963,Consultorio Médico,Cerca a centros comerciales y transporte público.,7226999,True
721,INM-66298,Casa Campestre,Espacio abierto con doble altura.,13601410,True
722,INM-97247,Consultorio Médico,Seguridad reforzada y acceso controlado.,4863575,True
723,INM-85069,Lote Urbanizado,Cerca a centros comerciales y transporte público.,7904346,True
724,INM-14554,Lote Urbanizado,Cerca a centros comerciales y transporte público.,1963551,True
725,INM-74629,Parqueadero Cubierto,Seguridad reforzada y acceso controlado.,5654624,True
726,INM-36137,Casa Campestre,Cerca a centros comerciales y transporte público.,12837474,True
727,INM-54762,Lote Urbanizado,Cerca a centros comerciales y transporte público.,10260869,True
728,INM-24868,Parqueadero Cubierto,Acabados de lujo y eficiencia energética.,9089745,True
729,INM-49218,Lote Urbanizado,Cerca a centros comerciales y transporte público.,8391337,True
730,INM-89792,Apartamento Studio,Seguridad reforzada y acceso controlado.,6079809,True
731,INM-98848,Apartamento Studio,Ubicación estratégica en el centro financiero.,6697493,True
732,INM-53381,Casa Campestre,Acabados de lujo y eficiencia energética.,4358343,True
733,INM-23192,Consultorio Médico,Ubicación estratégica en el centro financiero.,12907092,True
734,INM-19107,Parqueadero Cubierto,Ubicado en zona norte con vista panorámica.,11301006,True
735,INM-33067,Consultorio Médico,Cerca a centros comerciales y transporte público.,7182339,True
736,INM-81052,Local Comercial,Ubicación estratégica en el centro financiero.,11945516,True
737,INM-42294,Oficina Corporativa,Ubicado en zona norte con vista panorámica.,14705375,True
738,INM-25650,Bodega Industrial,Acabados de lujo y eficiencia energética.,4749092,True
739,INM-64736,Parqueadero Cubierto,Espacio abierto con doble altura.,2202945,True
740,INM-74972,Casa Campestre,Seguridad reforzada y acceso controlado.,922108,True
741,INM-15193,Oficina Corporativa,Espacio abierto con doble altura.,2070197,True
742,INM-25486,Apartamento Studio,Ubicado en zona norte con vista panorámica.,9349548,True
743,INM-84031,Casa Campestre,Ubicación estratégica en el centro financiero.,6188272,True
744,INM-36758,Local Comercial,Seguridad reforzada y acceso controlado.,10263553,True
745,INM-59910,Bodega Industrial,Cerca a centros comerciales y transporte público.,8024794,True
746,INM-22811,Parqueadero Cubierto,Ubicado en zona norte con vista panorámica.,4604639,True
747,INM-37990,Casa Campestre,Cerca a centros comerciales y transporte público.,2745073,True
748,INM-42440,Penthouse,Ubicado en zona norte con vista panorámica.,10144520,True
749,INM-16141,Apartamento Studio,Seguridad reforzada y acceso controlado.,10908722,True
750,INM-91402,Oficina Corporativa,Cerca a centros comerciales y transporte público.,11080086,True
751,INM-56741,Local Comercial,Seguridad reforzada y acceso controlado.,2857084,True
752,INM-35698,Consultorio Médico,Ubicación estratégica en el centro financiero.,9203128,True
753,INM-84390,Consultorio Médico,Ubicado en zona norte con vista panorámica.,8965569,True
754,INM-45929,Oficina Corporativa,Seguridad reforzada y acceso controlado.,14783226,True
755,INM-89350,Oficina Corporativa,Ubicación estratégica en el centro financiero.,7102789,True
756,INM-88191,Bodega Industrial,Ubicado en zona norte con vista panorámica.,14113825,True
757,INM-99356,Lote Urbanizado,Área residencial tranquila con zonas verdes.,3795046,True
758,INM-67437,Apartamento Studio,Acabados de lujo y eficiencia energética.,12856376,True
759,INM-68401,Penthouse,Cerca a centros comerciales y transporte público.,7178354,True
760,INM-21632,Apartamento Studio,Ubicado en zona norte con vista panorámica.,1811512,True
761,INM-77808,Consultorio Médico,Ubicado en zona norte con vista panorámica.,14646168,True
762,INM-83320,Oficina Corporativa,Ubicación estratégica en el centro financiero.,14790861,True
763,INM-48871,Parqueadero Cubierto,Ubicación estratégica en el centro financiero.,6686399,True
764,INM-41018,Local Comercial,Área residencial tranquila con zonas verdes.,9072796,True
765,INM-46325,Parqueadero Cubierto,Ubicado en zona norte con vista panorámica.,905888,True
766,INM-53333,Local Comercial,Seguridad reforzada y acceso controlado.,12903812,True
767,INM-31845,Penthouse,Seguridad reforzada y acceso controlado.,2329342,True
768,INM-57750,Oficina Corporativa,Seguridad reforzada y acceso controlado.,11053674,True
769,INM-58699,Parqueadero Cubierto,Acabados de lujo y eficiencia energética.,14709534,True
770,INM-29950,Penthouse,Ubicado en zona norte con vista panorámica.,4547299,True
771,INM-80465,Consultorio Médico,Cerca a centros comerciales y transporte público.,7422780,True
772,INM-83854,Apartamento Studio,Espacio abierto con doble altura.,12543461,True
773,INM-68552,Consultorio Médico,Ubicación estratégica en el centro financiero.,12089742,True
774,INM-56345,Parqueadero Cubierto,Cerca a centros comerciales y transporte público.,10728441,True
775,INM-10853,Oficina Corporativa,Ubicado en zona norte con vista panorámica.,11024820,True
776,INM-19360,Bodega Industrial,Ubicación estratégica en el centro financiero.,4054097,True
777,INM-77784,Oficina Corporativa,Seguridad reforzada y acceso controlado.,6059906,True
778,INM-22934,Oficina Corporativa,Ubicado en zona norte con vista panorámica.,6597117,True
779,INM-17576,Casa Campestre,Acabados de lujo y eficiencia energética.,7580641,True
780,INM-27292,Apartamento Studio,Seguridad reforzada y acceso controlado.,9798966,True
781,INM-42179,Parqueadero Cubierto,Área residencial tranquila con zonas verdes.,3229091,True
782,INM-82768,Penthouse,Ubicación estratégica en el centro financiero.,4107244,True
783,INM-47543,Parqueadero Cubierto,Área residencial tranquila con zonas verdes.,4905099,True
784,INM-95559,Parqueadero Cubierto,Espacio abierto con doble altura.,7410354,True
785,INM-93816,Consultorio Médico,Seguridad reforzada y acceso controlado.,9222208,True
786,INM-76058,Parqueadero Cubierto,Seguridad reforzada y acceso controlado.,986430,True
787,INM-49207,Penthouse,Seguridad reforzada y acceso controlado.,10876515,True
788,INM-13197,Parqueadero Cubierto,Acabados de lujo y eficiencia energética.,4536887,True
789,INM-88298,Oficina Corporativa,Acabados de lujo y eficiencia energética.,5928274,True
790,INM-21921,Local Comercial,Área residencial tranquila con zonas verdes.,13156742,True
791,INM-89278,Lote Urbanizado,Cerca a centros comerciales y transporte público.,11668327,True
792,INM-44360,Parqueadero Cubierto,Acabados de lujo y eficiencia energética.,5168129,True
793,INM-11114,Casa Campestre,Cerca a centros comerciales y transporte público.,2940846,True
794,INM-60464,Local Comercial,Espacio abierto con doble altura.,4164215,True
795,INM-67960,Penthouse,Ubicación estratégica en el centro financiero.,5141440,True
796,INM-69606,Consultorio Médico,Espacio abierto con doble altura.,871968,True
797,INM-20485,Casa Campestre,Espacio abierto con doble altura.,1645856,True
798,INM-11905,Penthouse,Seguridad reforzada y acceso controlado.,6967331,True
799,INM-65565,Lote Urbanizado,Ubicación estratégica en el centro financiero.,14513459,True
800,INM-99058,Apartamento Studio,Acabados de lujo y eficiencia energética.,10583478,True
801,INM-42388,Oficina Corporativa,Seguridad reforzada y acceso controlado.,6557563,True
802,INM-65004,Lote Urbanizado,Cerca a centros comerciales y transporte público.,7994353,True
803,INM-80068,Consultorio Médico,Área residencial tranquila con zonas verdes.,8561881,True
804,INM-98494,Apartamento Studio,Espacio abierto con doble altura.,9494745,True
805,INM-54543,Bodega Industrial,Acabados de lujo y eficiencia energética.,1204212,True
806,INM-62074,Casa Campestre,Seguridad reforzada y acceso controlado.,14071216,True
807,INM-84385,Consultorio Médico,Acabados de lujo y eficiencia energética.,14809939,True
808,INM-44042,Oficina Corporativa,Cerca a centros comerciales y transporte público.,14091896,True
809,INM-50273,Oficina Corporativa,Acabados de lujo y eficiencia energética.,14963219,True
810,INM-11806,Lote Urbanizado,Ubicado en zona norte con vista panorámica.,6293273,True
811,INM-42406,Consultorio Médico,Espacio abierto con doble altura.,11631815,True
812,INM-96195,Bodega Industrial,Ubicación estratégica en el centro financiero.,13624344,True
813,INM-87927,Parqueadero Cubierto,Ubicado en zona norte con vista panorámica.,7925312,True
814,INM-91138,Oficina Corporativa,Cerca a centros comerciales y transporte público.,4134267,True
815,INM-27698,Consultorio Médico,Espacio abierto con doble altura.,13341068,True
816,INM-33934,Oficina Corporativa,Ubicado en zona norte con vista panorámica.,9607346,True
817,INM-48002,Apartamento Studio,Seguridad reforzada y acceso controlado.,12039535,True
818,INM-24408,Parqueadero Cubierto,Ubicación estratégica en el centro financiero.,2605197,True
819,INM-91589,Lote Urbanizado,Acabados de lujo y eficiencia energética.,11526491,True
820,INM-19308,Local Comercial,Seguridad reforzada y acceso controlado.,5620328,True
821,INM-73962,Oficina Corporativa,Área residencial tranquila con zonas verdes.,13586149,True
822,INM-35323,Parqueadero Cubierto,Cerca a centros comerciales y transporte público.,4422287,True
823,INM-46680,Casa Campestre,Acabados de lujo y eficiencia energética.,6665156,True
824,INM-76577,Apartamento Studio,Cerca a centros comerciales y transporte público.,9209402,True
825,INM-56584,Lote Urbanizado,Ubicado en zona norte con vista panorámica.,2805631,True
826,INM-81990,Casa Campestre,Ubicación estratégica en el centro financiero.,4507209,True
827,INM-71447,Consultorio Médico,Seguridad reforzada y acceso controlado.,1578061,True
828,INM-15084,Consultorio Médico,Espacio abierto con doble altura.,12829725,True
829,INM-16979,Lote Urbanizado,Área residencial tranquila con zonas verdes.,7507123,True
830,INM-96162,Penthouse,Espacio abierto con doble altura.,9268226,True
831,INM-64988,Apartamento Studio,Seguridad reforzada y acceso controlado.,4037400,True
832,INM-27501,Local Comercial,Seguridad reforzada y acceso controlado.,4010527,True
833,INM-29434,Lote Urbanizado,Ubicado en zona norte con vista panorámica.,1460089,True
834,INM-57164,Parqueadero Cubierto,Acabados de lujo y eficiencia energética.,2279699,True
835,INM-15251,Local Comercial,Ubicado en zona norte con vista panorámica.,9384285,True
836,INM-98755,Casa Campestre,Espacio abierto con doble altura.,3263336,True
837,INM-48376,Bodega Industrial,Acabados de lujo y eficiencia energética.,13407053,True
838,INM-13312,Parqueadero Cubierto,Ubicación estratégica en el centro financiero.,819636,True
839,INM-72299,Penthouse,Ubicado en zona norte con vista panorámica.,8960113,True
840,INM-41666,Penthouse,Seguridad reforzada y acceso controlado.,3432022,True
841,INM-41430,Penthouse,Cerca a centros comerciales y transporte público.,7140900,True
842,INM-27220,Local Comercial,Seguridad reforzada y acceso controlado.,1412892,True
843,INM-39600,Bodega Industrial,Área residencial tranquila con zonas verdes.,12437213,True
844,INM-97124,Consultorio Médico,Área residencial tranquila con zonas verdes.,1098139,True
845,INM-46735,Parqueadero Cubierto,Ubicado en zona norte con vista panorámica.,9548262,True
846,INM-96920,Parqueadero Cubierto,Cerca a centros comerciales y transporte público.,10815233,True
847,INM-24013,Parqueadero Cubierto,Seguridad reforzada y acceso controlado.,1609267,True
848,INM-93456,Casa Campestre,Cerca a centros comerciales y transporte público.,3231545,True
849,INM-76954,Penthouse,Ubicación estratégica en el centro financiero.,10241861,True
850,INM-32684,Lote Urbanizado,Seguridad reforzada y acceso controlado.,3183443,True
851,INM-24827,Oficina Corporativa,Ubicación estratégica en el centro financiero.,6564252,True
852,INM-21477,Parqueadero Cubierto,Espacio abierto con doble altura.,2616228,True
853,INM-52234,Parqueadero Cubierto,Ubicado en zona norte con vista panorámica.,2018012,True
854,INM-99027,Bodega Industrial,Seguridad reforzada y acceso controlado.,7724613,True
855,INM-33752,Penthouse,Ubicación estratégica en el centro financiero.,13543483,True
856,INM-41423,Apartamento Studio,Ubicación estratégica en el centro financiero.,8560031,True
857,INM-48989,Casa Campestre,Ubicado en zona norte con vista panorámica.,4250024,True
858,INM-21192,Consultorio Médico,Área residencial tranquila con zonas verdes.,1110376,True
859,INM-43920,Casa Campestre,Área residencial tranquila con zonas verdes.,10152046,True
860,INM-45037,Local Comercial,Cerca a centros comerciales y transporte público.,11629717,True
861,INM-64591,Casa Campestre,Área residencial tranquila con zonas verdes.,13643357,True
862,INM-16215,Apartamento Studio,Acabados de lujo y eficiencia energética.,2236258,True
863,INM-40447,Lote Urbanizado,Área residencial tranquila con zonas verdes.,11438996,True
864,INM-18659,Local Comercial,Ubicación estratégica en el centro financiero.,3049833,True
865,INM-89049,Casa Campestre,Área residencial tranquila con zonas verdes.,6938631,True
866,INM-83317,Local Comercial,Ubicación estratégica en el centro financiero.,7399307,True
867,INM-15204,Lote Urbanizado,Área residencial tranquila con zonas verdes.,13745780,True
868,INM-97036,Apartamento Studio,Cerca a centros comerciales y transporte público.,8625653,True
869,INM-40808,Lote Urbanizado,Ubicado en zona norte con vista panorámica.,11147846,True
870,INM-34568,Local Comercial,Ubicación estratégica en el centro financiero.,3362249,True
871,INM-44362,Bodega Industrial,Acabados de lujo y eficiencia energética.,13258188,True
872,INM-39196,Consultorio Médico,Espacio abierto con doble altura.,9155653,True
873,INM-39080,Parqueadero Cubierto,Ubicación estratégica en el centro financiero.,10032058,True
874,INM-78571,Apartamento Studio,Cerca a centros comerciales y transporte público.,1104455,True
875,INM-82088,Lote Urbanizado,Acabados de lujo y eficiencia energética.,8968537,True
876,INM-76648,Local Comercial,Acabados de lujo y eficiencia energética.,12300231,True
877,INM-54901,Penthouse,Ubicado en zona norte con vista panorámica.,5435485,True
878,INM-32189,Parqueadero Cubierto,Cerca a centros comerciales y transporte público.,942480,True
879,INM-16597,Consultorio Médico,Ubicación estratégica en el centro financiero.,8245994,True
880,INM-73914,Parqueadero Cubierto,Ubicado en zona norte con vista panorámica.,10382636,True
881,INM-50535,Bodega Industrial,Seguridad reforzada y acceso controlado.,9489433,True
882,INM-98704,Consultorio Médico,Acabados de lujo y eficiencia energética.,1316338,True
883,INM-51926,Lote Urbanizado,Seguridad reforzada y acceso controlado.,10825345,True
884,INM-34343,Bodega Industrial,Cerca a centros comerciales y transporte público.,8157471,True
885,INM-35717,Consultorio Médico,Seguridad reforzada y acceso controlado.,12224106,True
886,INM-96268,Apartamento Studio,Ubicado en zona norte con vista panorámica.,10267247,True
887,INM-66027,Lote Urbanizado,Seguridad reforzada y acceso controlado.,8844313,True
888,INM-89931,Apartamento Studio,Ubicado en zona norte con vista panorámica.,2381655,True
889,INM-58790,Bodega Industrial,Cerca a centros comerciales y transporte público.,13200013,True
890,INM-54889,Apartamento Studio,Área residencial tranquila con zonas verdes.,13513609,True
891,INM-24638,Oficina Corporativa,Seguridad reforzada y acceso controlado.,5510970,True
892,INM-42002,Local Comercial,Espacio abierto con doble altura.,3396983,True
893,INM-25555,Casa Campestre,Ubicado en zona norte con vista panorámica.,9104957,True
894,INM-96343,Parqueadero Cubierto,Seguridad reforzada y acceso controlado.,14836043,True
895,INM-47381,Penthouse,Ubicación estratégica en el centro financiero.,13844420,True
896,INM-37031,Parqueadero Cubierto,Cerca a centros comerciales y transporte público.,4961743,True
897,INM-39441,Apartamento Studio,Seguridad reforzada y acceso controlado.,2982171,True
898,INM-56969,Consultorio Médico,Cerca a centros comerciales y transporte público.,6937964,True
899,INM-68748,Casa Campestre,Seguridad reforzada y acceso controlado.,1563585,True
900,INM-13713,Apartamento Studio,Acabados de lujo y eficiencia energética.,9979469,True
901,INM-68008,Oficina Corporativa,Área residencial tranquila con zonas verdes.,1346685,True
902,INM-23102,Apartamento Studio,Área residencial tranquila con zonas verdes.,14553934,True
903,INM-49501,Oficina Corporativa,Área residencial tranquila con zonas verdes.,12827557,True
904,INM-43809,Parqueadero Cubierto,Espacio abierto con doble altura.,13555279,True
905,INM-79285,Apartamento Studio,Acabados de lujo y eficiencia energética.,9946956,True
906,INM-82151,Bodega Industrial,Ubicación estratégica en el centro financiero.,12116031,True
907,INM-40870,Lote Urbanizado,Seguridad reforzada y acceso controlado.,10705199,True
908,INM-73911,Local Comercial,Área residencial tranquila con zonas verdes.,7299427,True
909,INM-97949,Bodega Industrial,Cerca a centros comerciales y transporte público.,10089724,True
910,INM-23929,Consultorio Médico,Cerca a centros comerciales y transporte público.,11846525,True
911,INM-85490,Bodega Industrial,Ubicado en zona norte con vista panorámica.,7793438,True
912,INM-93699,Local Comercial,Ubicado en zona norte con vista panorámica.,1879416,True
913,INM-21983,Consultorio Médico,Ubicación estratégica en el centro financiero.,13505299,True
914,INM-72376,Parqueadero Cubierto,Área residencial tranquila con zonas verdes.,11848739,True
915,INM-55039,Parqueadero Cubierto,Espacio abierto con doble altura.,9831547,True
916,INM-36613,Apartamento Studio,Espacio abierto con doble altura.,7430138,True
917,INM-13254,Oficina Corporativa,Seguridad reforzada y acceso controlado.,1809489,True
918,INM-23232,Consultorio Médico,Seguridad reforzada y acceso controlado.,7148436,True
919,INM-89837,Penthouse,Seguridad reforzada y acceso controlado.,9494606,True
920,INM-59335,Penthouse,Acabados de lujo y eficiencia energética.,6454380,True
921,INM-11801,Casa Campestre,Ubicado en zona norte con vista panorámica.,10215357,True
922,INM-42819,Apartamento Studio,Espacio abierto con doble altura.,5531314,True
923,INM-50075,Bodega Industrial,Área residencial tranquila con zonas verdes.,10936417,True
924,INM-58672,Parqueadero Cubierto,Seguridad reforzada y acceso controlado.,11698630,True
925,INM-19334,Oficina Corporativa,Ubicado en zona norte con vista panorámica.,3144678,True
926,INM-15911,Bodega Industrial,Espacio abierto con doble altura.,11797918,True
927,INM-61101,Penthouse,Ubicado en zona norte con vista panorámica.,12908630,True
928,INM-80334,Parqueadero Cubierto,Acabados de lujo y eficiencia energética.,10798604,True
929,INM-74996,Parqueadero Cubierto,Ubicación estratégica en el centro financiero.,3549699,True
930,INM-38536,Casa Campestre,Acabados de lujo y eficiencia energética.,8442163,True
931,INM-31854,Parqueadero Cubierto,Espacio abierto con doble altura.,4130458,True
932,INM-45039,Parqueadero Cubierto,Área residencial tranquila con zonas verdes.,3349379,True
933,INM-51412,Penthouse,Área residencial tranquila con zonas verdes.,1475238,True
934,INM-73861,Casa Campestre,Ubicado en zona norte con vista panorámica.,14307815,True
935,INM-79147,Consultorio Médico,Área residencial tranquila con zonas verdes.,9488255,True
936,INM-30483,Lote Urbanizado,Ubicación estratégica en el centro financiero.,7199307,True
937,INM-92526,Apartamento Studio,Ubicado en zona norte con vista panorámica.,13656663,True
938,INM-37444,Consultorio Médico,Área residencial tranquila con zonas verdes.,9570380,True
939,INM-24612,Bodega Industrial,Seguridad reforzada y acceso controlado.,12648861,True
940,INM-87100,Local Comercial,Cerca a centros comerciales y transporte público.,3063452,True
941,INM-33250,Penthouse,Espacio abierto con doble altura.,6140788,True
942,INM-16926,Local Comercial,Espacio abierto con doble altura.,1605463,True
943,INM-96297,Apartamento Studio,Área residencial tranquila con zonas verdes.,7096203,True
944,INM-66709,Parqueadero Cubierto,Ubicado en zona norte con vista panorámica.,5668192,True
945,INM-24770,Oficina Corporativa,Ubicado en zona norte con vista panorámica.,1399092,True
946,INM-41145,Penthouse,Espacio abierto con doble altura.,10711302,True
947,INM-28913,Lote Urbanizado,Cerca a centros comerciales y transporte público.,1269939,True
948,INM-65215,Penthouse,Seguridad reforzada y acceso controlado.,4766862,True
949,INM-14489,Oficina Corporativa,Cerca a centros comerciales y transporte público.,4290245,True
950,INM-37976,Local Comercial,Seguridad reforzada y acceso controlado.,11706723,True
951,INM-80085,Oficina Corporativa,Acabados de lujo y eficiencia energética.,3993283,True
952,INM-32555,Penthouse,Seguridad reforzada y acceso controlado.,10673350,True
953,INM-86592,Apartamento Studio,Cerca a centros comerciales y transporte público.,8329286,True
954,INM-61327,Local Comercial,Cerca a centros comerciales y transporte público.,10332058,True
955,INM-82221,Apartamento Studio,Área residencial tranquila con zonas verdes.,12286658,True
956,INM-17442,Oficina Corporativa,Ubicación estratégica en el centro financiero.,14735627,True
957,INM-87199,Penthouse,Seguridad reforzada y acceso controlado.,7247952,True
958,INM-66870,Casa Campestre,Cerca a centros comerciales y transporte público.,7045326,True
959,INM-89214,Consultorio Médico,Seguridad reforzada y acceso controlado.,13957887,True
960,INM-32992,Apartamento Studio,Espacio abierto con doble altura.,1051340,True
961,INM-91121,Casa Campestre,Espacio abierto con doble altura.,3075730,True
962,INM-92236,Casa Campestre,Acabados de lujo y eficiencia energética.,1180086,True
963,INM-71853,Apartamento Studio,Cerca a centros comerciales y transporte público.,11105801,True
964,INM-41402,Penthouse,Ubicación estratégica en el centro financiero.,8965510,True
965,INM-81209,Local Comercial,Área residencial tranquila con zonas verdes.,6354938,True
966,INM-74849,Penthouse,Espacio abierto con doble altura.,8757005,True
967,INM-64196,Lote Urbanizado,Cerca a centros comerciales y transporte público.,5011504,True
968,INM-34773,Local Comercial,Cerca a centros comerciales y transporte público.,2413556,True
969,INM-15922,Apartamento Studio,Área residencial tranquila con zonas verdes.,11378281,True
970,INM-86724,Oficina Corporativa,Seguridad reforzada y acceso controlado.,12498154,True
971,INM-13669,Apartamento Studio,Espacio abierto con doble altura.,12151559,True
972,INM-55606,Apartamento Studio,Acabados de lujo y eficiencia energética.,3478637,True
973,INM-57512,Casa Campestre,Ubicado en zona norte con vista panorámica.,14174831,True
974,INM-91297,Lote Urbanizado,Ubicación estratégica en el centro financiero.,14499289,True
975,INM-39490,Oficina Corporativa,Seguridad reforzada y acceso controlado.,13658136,True
976,INM-98894,Bodega Industrial,Ubicación estratégica en el centro financiero.,14064532,True
977,INM-63416,Local Comercial,Cerca a centros comerciales y transporte público.,9679953,True
978,INM-90501,Oficina Corporativa,Área residencial tranquila con zonas verdes.,8010015,True
979,INM-34455,Oficina Corporativa,Acabados de lujo y eficiencia energética.,6431183,True
980,INM-68198,Bodega Industrial,Ubicación estratégica en el centro financiero.,6624359,True
981,INM-89185,Lote Urbanizado,Área residencial tranquila con zonas verdes.,7865246,True
982,INM-79970,Oficina Corporativa,Acabados de lujo y eficiencia energética.,6315973,True
983,INM-83465,Bodega Industrial,Seguridad reforzada y acceso controlado.,4894190,True
984,INM-41407,Lote Urbanizado,Espacio abierto con doble altura.,5056742,True
985,INM-27920,Local Comercial,Espacio abierto con doble altura.,6211250,True
986,INM-73350,Local Comercial,Área residencial tranquila con zonas verdes.,3006899,True
987,INM-28327,Oficina Corporativa,Cerca a centros comerciales y transporte público.,3771050,True
988,INM-85715,Apartamento Studio,Ubicación estratégica en el centro financiero.,8715877,True
989,INM-94811,Apartamento Studio,Cerca a centros comerciales y transporte público.,7848647,True
990,INM-42730,Apartamento Studio,Espacio abierto con doble altura.,14346578,True
991,INM-75804,Local Comercial,Acabados de lujo y eficiencia energética.,6066382,True
992,INM-74591,Bodega Industrial,Espacio abierto con doble altura.,3499161,True
993,INM-96313,Penthouse,Espacio abierto con doble altura.,4369482,True
994,INM-73920,Casa Campestre,Área residencial tranquila con zonas verdes.,2891247,True
995,INM-46205,Bodega Industrial,Ubicado en zona norte con vista panorámica.,9084650,True
996,INM-58026,Apartamento Studio,Área residencial tranquila con zonas verdes.,14382077,True
997,INM-35924,Consultorio Médico,Área residencial tranquila con zonas verdes.,13433657,True
998,INM-59503,Parqueadero Cubierto,Cerca a centros comerciales y transporte público.,6765351,True
999,INM-97345,Casa Campestre,Cerca a centros comerciales y transporte público.,13809742,True
1000,INM-57765,Parqueadero Cubierto,Acabados de lujo y eficiencia energética.,12398669,True
