id,documento,nombre,apellido,telefono,correo,ciudad,fechaRegistro,activo
1,32828998,Ana,Gomez,3513321526,ana.gomez97@gmail.com,Medellin,2023-10-28,True
2,57511109,Maria,Rodriguez,3624316827,maria.rodriguez54@gmail.com,Cartagena,2020-04-28,True
3,75960226,Jorge,Perez,3960572045,jorge.perez4@gmail.com,Cartagena,2020-03-12,True
4,13241471,Ana,Gomez,3242317010,ana.gomez53@gmail.com,Bogota,2023-06-19,True
5,67310144,Luisa,Hernandez,3799556763,luisa.hernandez34@gmail.com,Cali,2024-06-17,True
6,30304870,Sofia,Perez,3981642804,sofia.perez48@gmail.com,Cartagena,2025-04-25,True
7,64777184,Luisa,Perez,3288803985,luisa.perez65@gmail.com,Cali,2020-03-24,True
8,96044248,Maria,Martinez,3353606495,maria.martinez29@gmail.com,Cali,2023-12-25,True
9,88520368,Pedro,Perez,3196996121,pedro.perez13@gmail.com,Barranquilla,2023-06-04,True
10,10514685,Jorge,Rodriguez,3590140813,jorge.rodriguez52@gmail.com,Cartagena,2024-07-14,True
11,94441430,Pedro,Gomez,3352242908,pedro.gomez42@gmail.com,Cartagena,2021-11-10,True
12,61478393,Carlos,Gomez,3131651047,carlos.gomez33@gmail.com,Bogota,2022-09-20,True
13,91284455,Carlos,Gomez,3441767617,carlos.gomez17@gmail.com,Cartagena,2020-02-06,True
14,74747279,Ana,Gomez,3599010211,ana.gomez18@gmail.com,Barranquilla,2021-10-15,True
15,33884158,Luisa,Hernandez,3446659234,luisa.hernandez78@gmail.com,Bogota,2021-10-08,True
16,72597914,Juan,Martinez,3560643615,juan.martinez47@gmail.com,Barranquilla,2020-03-07,True
17,78987540,Carlos,Rodriguez,3572140250,carlos.rodriguez9@gmail.com,Barranquilla,2023-09-21,True
18,72254952,Jorge,Rodriguez,3188851966,jorge.rodriguez75@gmail.com,Medellin,2022-06-07,True
19,14907512,Pedro,Hernandez,3199569565,pedro.hernandez61@gmail.com,Bogota,2024-03-20,True
20,74319302,Sofia,Martinez,3239505637,sofia.martinez78@gmail.com,Medellin,2022-10-27,True
21,24502691,Juan,Perez,3449332438,juan.perez56@gmail.com,Medellin,2023-11-27,True
22,55808134,Sofia,Martinez,3977567992,sofia.martinez64@gmail.com,Cali,2025-02-25,True
23,45078963,Pedro,Perez,3965514521,pedro.perez84@gmail.com,Bogota,2020-12-15,True
24,35075266,Juan,Hernandez,3283143097,juan.hernandez77@gmail.com,Cali,2023-02-15,True
25,48931933,Carlos,Lopez,3700382828,carlos.lopez82@gmail.com,Medellin,2022-08-22,True
26,75667274,Maria,Lopez,3870996173,maria.lopez31@gmail.com,Cartagena,2022-01-09,True
27,10416863,Carlos,Martinez,3490927243,carlos.martinez56@gmail.com,Bogota,2020-06-02,True
28,89538520,Jorge,Lopez,3567824319,jorge.lopez53@gmail.com,Cali,2023-06-29,True
29,50915876,Sofia,Hernandez,3831901451,sofia.hernandez74@gmail.com,Bogota,2021-07-27,True
30,68847230,Luisa,Rodriguez,3533048857,luisa.rodriguez56@gmail.com,Cali,2025-03-04,True
31,84443064,Maria,Lopez,3689544157,maria.lopez15@gmail.com,Barranquilla,2020-07-22,True
32,31071019,Ana,Hernandez,3586708696,ana.hernandez3@gmail.com,Cali,2021-05-07,True
33,78923309,Sofia,Lopez,3619959303,sofia.lopez85@gmail.com,Barranquilla,2021-03-26,True
34,82412354,Jorge,Gomez,3840439800,jorge.gomez94@gmail.com,Medellin,2020-05-11,True
35,79229135,Pedro,Gomez,3711439616,pedro.gomez34@gmail.com,Medellin,2024-11-18,True
36,69818473,Pedro,Gomez,3891686136,pedro.gomez36@gmail.com,Barranquilla,2023-05-05,True
37,30843759,Maria,Martinez,3765053422,maria.martinez80@gmail.com,Cartagena,2024-04-06,True
38,65581343,Jorge,Lopez,3159934518,jorge.lopez76@gmail.com,Medellin,2023-07-01,True
39,29697545,Ana,Hernandez,3316266481,ana.hernandez91@gmail.com,Cali,2021-03-19,True
40,68703423,Luisa,Lopez,3963897602,luisa.lopez90@gmail.com,Barranquilla,2020-11-18,True
41,77695851,Carlos,Perez,3441807278,carlos.perez73@gmail.com,Bogota,2021-09-17,True
42,20060771,Juan,Hernandez,3884179069,juan.hernandez2@gmail.com,Barranquilla,2023-11-18,True
43,53736534,Sofia,Rodriguez,3385384448,sofia.rodriguez87@gmail.com,Bogota,2021-04-04,True
44,86873989,Sofia,Gomez,3439287467,sofia.gomez23@gmail.com,Cali,2020-05-25,True
45,29876842,Jorge,Hernandez,3780687028,jorge.hernandez9@gmail.com,Barranquilla,2025-02-15,True
46,41893329,Sofia,Martinez,3340711101,sofia.martinez86@gmail.com,Barranquilla,2024-05-18,True
47,42488121,Carlos,Lopez,3560583022,carlos.lopez57@gmail.com,Bogota,2023-11-22,True
48,14639112,Sofia,Martinez,3225605186,sofia.martinez84@gmail.com,Barranquilla,2024-08-03,True
49,41192318,Maria,Perez,3991686706,maria.perez20@gmail.com,Bogota,2020-01-19,True
50,19860530,Carlos,Perez,3375882070,carlos.perez30@gmail.com,Barranquilla,2024-07-05,True
51,48711248,Pedro,Gomez,3339769980,pedro.gomez35@gmail.com,Barranquilla,2024-07-27,True
52,54283172,Carlos,Perez,3129149389,carlos.perez82@gmail.com,Medellin,2024-10-17,True
53,72010552,Luisa,Lopez,3970599726,luisa.lopez45@gmail.com,Cali,2022-10-24,True
54,60167417,Jorge,Gomez,3885471195,jorge.gomez70@gmail.com,Cartagena,2022-08-21,True
55,45710020,Ana,Perez,3718335626,ana.perez74@gmail.com,Bogota,2023-03-27,True
56,20187908,Sofia,Martinez,3887503177,sofia.martinez20@gmail.com,Barranquilla,2022-11-24,True
57,16988661,Jorge,Perez,3991415121,jorge.perez36@gmail.com,Medellin,2022-04-19,True
58,16739939,Maria,Rodriguez,3864313932,maria.rodriguez77@gmail.com,Barranquilla,2024-06-10,True
59,22488343,Maria,Martinez,3964928030,maria.martinez20@gmail.com,Cali,2022-08-20,True
60,43900126,Jorge,Lopez,3446068655,jorge.lopez26@gmail.com,Cartagena,2025-04-29,True
61,24805733,Sofia,Gomez,3249391097,sofia.gomez52@gmail.com,Cartagena,2024-03-23,True
62,94476450,Pedro,Martinez,3231256871,pedro.martinez96@gmail.com,Medellin,2025-05-31,True
63,60665578,Luisa,Martinez,3583088685,luisa.martinez80@gmail.com,Cartagena,2023-05-21,True
64,56810253,Pedro,Perez,3731504042,pedro.perez5@gmail.com,Medellin,2020-12-17,True
65,25953316,Maria,Perez,3180270373,maria.perez21@gmail.com,Cartagena,2021-06-03,True
66,84422094,Maria,Lopez,3556997293,maria.lopez98@gmail.com,Medellin,2022-11-21,True
67,87342691,Maria,Gomez,3549029297,maria.gomez96@gmail.com,Medellin,2023-09-24,True
68,67118825,Carlos,Rodriguez,3191346521,carlos.rodriguez5@gmail.com,Medellin,2025-03-28,True
69,80384506,Maria,Perez,3287841534,maria.perez78@gmail.com,Medellin,2024-07-27,True
70,56570790,Sofia,Martinez,3205431975,sofia.martinez3@gmail.com,Cartagena,2022-12-16,True
71,33397202,Sofia,Gomez,3676063051,sofia.gomez38@gmail.com,Cartagena,2023-02-05,True
72,13686164,Carlos,Rodriguez,3440704991,carlos.rodriguez37@gmail.com,Cali,2020-10-29,True
73,52137314,Juan,Gomez,3503010222,juan.gomez98@gmail.com,Bogota,2023-07-25,True
74,20422538,Carlos,Martinez,3187092899,carlos.martinez62@gmail.com,Bogota,2025-01-24,True
75,25989239,Jorge,Gomez,3249397537,jorge.gomez20@gmail.com,Cali,2024-08-31,True
76,20582486,Luisa,Gomez,3342226815,luisa.gomez56@gmail.com,Medellin,2020-08-28,True
77,80084857,Ana,Hernandez,3924147332,ana.hernandez49@gmail.com,Cartagena,2023-09-13,True
78,65769588,Carlos,Hernandez,3345564165,carlos.hernandez67@gmail.com,Cali,2022-09-28,True
79,56960957,Sofia,Hernandez,3688319112,sofia.hernandez50@gmail.com,Bogota,2021-03-08,True
80,41436734,Ana,Gomez,3855691853,ana.gomez24@gmail.com,Barranquilla,2024-06-11,True
81,81889906,Luisa,Rodriguez,3579948518,luisa.rodriguez82@gmail.com,Cali,2025-03-25,True
82,66834180,Luisa,Gomez,3738750070,luisa.gomez24@gmail.com,Bogota,2024-03-30,True
83,29016199,Sofia,Hernandez,3296266000,sofia.hernandez19@gmail.com,Medellin,2021-03-13,True
84,57052211,Luisa,Perez,3534762905,luisa.perez85@gmail.com,Barranquilla,2022-05-29,True
85,43200607,Maria,Lopez,3314760381,maria.lopez41@gmail.com,Medellin,2023-10-30,True
86,33443555,Jorge,Perez,3515682443,jorge.perez51@gmail.com,Bogota,2023-10-16,True
87,87320713,Pedro,Lopez,3310838140,pedro.lopez60@gmail.com,Bogota,2024-01-03,True
88,80000735,Luisa,Gomez,3764329208,luisa.gomez48@gmail.com,Cartagena,2020-09-02,True
89,54286617,Sofia,Lopez,3323297682,sofia.lopez14@gmail.com,Cartagena,2023-11-14,True
90,23873428,Jorge,Rodriguez,3262457829,jorge.rodriguez65@gmail.com,Cali,2024-04-09,True
91,17876631,Pedro,Lopez,3401639478,pedro.lopez93@gmail.com,Bogota,2020-09-18,True
92,74010973,Pedro,Martinez,3265979629,pedro.martinez3@gmail.com,Barranquilla,2023-09-01,True
93,92949990,Ana,Rodriguez,3567892213,ana.rodriguez22@gmail.com,Bogota,2024-04-06,True
94,16793885,Jorge,Rodriguez,3333904420,jorge.rodriguez33@gmail.com,Barranquilla,2022-02-14,True
95,32736406,Juan,Gomez,3463852679,juan.gomez11@gmail.com,Bogota,2023-07-02,True
96,83069235,Sofia,Gomez,3604410099,sofia.gomez63@gmail.com,Medellin,2022-05-08,True
97,52103401,Jorge,Perez,3922650457,jorge.perez99@gmail.com,Cali,2022-01-12,True
98,15725661,Pedro,Lopez,3107336281,pedro.lopez17@gmail.com,Bogota,2022-05-29,True
99,84357602,Pedro,Rodriguez,3250225346,pedro.rodriguez94@gmail.com,Medellin,2023-12-23,True
100,17149997,Carlos,Perez,3880061009,carlos.perez61@gmail.com,Cartagena,2023-01-29,True
101,67874946,Jorge,Rodriguez,3686358393,jorge.rodriguez86@gmail.com,Bogota,2020-04-03,True
102,19797539,Ana,Martinez,3882218267,ana.martinez21@gmail.com,Medellin,2023-09-25,True
103,99414850,Luisa,Gomez,3816487466,luisa.gomez78@gmail.com,Bogota,2024-12-05,True
104,89366672,Jorge,Gomez,3256735446,jorge.gomez74@gmail.com,Cali,2022-03-22,True
105,18657112,Maria,Hernandez,3187967253,maria.hernandez26@gmail.com,Cartagena,2021-10-12,True
106,85244973,Ana,Martinez,3306475009,ana.martinez32@gmail.com,Medellin,2024-08-13,True
107,15093653,Luisa,Rodriguez,3693606591,luisa.rodriguez80@gmail.com,Medellin,2024-09-27,True
108,49793762,Luisa,Lopez,3273875274,luisa.lopez7@gmail.com,Medellin,2023-07-27,True
109,94303720,Luisa,Lopez,3370721003,luisa.lopez90@gmail.com,Bogota,2020-10-25,True
110,78567663,Pedro,Rodriguez,3560705057,pedro.rodriguez11@gmail.com,Bogota,2025-01-11,True
111,67392473,Luisa,Lopez,3499259752,luisa.lopez62@gmail.com,Barranquilla,2020-03-03,True
112,80726084,Pedro,Perez,3291730269,pedro.perez62@gmail.com,Cartagena,2021-07-04,True
113,97945002,Sofia,Rodriguez,3851323436,sofia.rodriguez25@gmail.com,Cali,2021-04-21,True
114,27969613,Sofia,Hernandez,3288422578,sofia.hernandez15@gmail.com,Cartagena,2022-05-05,True
115,84829006,Ana,Lopez,3400401306,ana.lopez76@gmail.com,Bogota,2022-02-05,True
116,90599329,Sofia,Lopez,3305982288,sofia.lopez22@gmail.com,Cali,2021-09-10,True
117,14922318,Ana,Hernandez,3136365871,ana.hernandez42@gmail.com,Medellin,2020-12-12,True
118,79570130,Ana,Gomez,3362842263,ana.gomez35@gmail.com,Cali,2020-05-10,True
119,14387552,Ana,Lopez,3223060111,ana.lopez89@gmail.com,Cartagena,2024-01-03,True
120,12892727,Juan,Gomez,3950978534,juan.gomez2@gmail.com,Medellin,2021-12-22,True
121,27991930,Maria,Gomez,3378570510,maria.gomez78@gmail.com,Cartagena,2021-07-28,True
122,11846439,Ana,Gomez,3529733744,ana.gomez46@gmail.com,Cali,2023-07-01,True
123,75619166,Maria,Gomez,3309752122,maria.gomez66@gmail.com,Cali,2024-07-04,True
124,96452375,Luisa,Lopez,3355023886,luisa.lopez73@gmail.com,Barranquilla,2024-01-06,True
125,27260502,Maria,Martinez,3361706380,maria.martinez35@gmail.com,Barranquilla,2023-06-11,True
126,96856224,Pedro,Lopez,3729861418,pedro.lopez50@gmail.com,Cartagena,2020-10-21,True
127,36333762,Pedro,Lopez,3945967309,pedro.lopez83@gmail.com,Medellin,2024-10-06,True
128,85808722,Juan,Rodriguez,3891135076,juan.rodriguez18@gmail.com,Cali,2020-11-24,True
129,76351413,Jorge,Lopez,3409689640,jorge.lopez81@gmail.com,Barranquilla,2021-12-08,True
130,39830481,Pedro,Rodriguez,3220562345,pedro.rodriguez87@gmail.com,Cartagena,2022-07-31,True
131,87479729,Carlos,Hernandez,3829654645,carlos.hernandez31@gmail.com,Bogota,2024-09-10,True
132,52200209,Luisa,Gomez,3735161320,luisa.gomez56@gmail.com,Cartagena,2022-10-14,True
133,57902557,Jorge,Martinez,3674046947,jorge.martinez46@gmail.com,Cartagena,2025-06-14,True
134,99469757,Luisa,Gomez,3751745653,luisa.gomez73@gmail.com,Bogota,2025-02-15,True
135,14899409,Jorge,Hernandez,3712987945,jorge.hernandez11@gmail.com,Medellin,2024-04-09,True
136,10023235,Juan,Martinez,3146737488,juan.martinez9@gmail.com,Bogota,2021-07-02,True
137,33252165,Ana,Hernandez,3146742637,ana.hernandez93@gmail.com,Bogota,2022-02-08,True
138,26152216,Carlos,Perez,3919018561,carlos.perez89@gmail.com,Cali,2022-01-19,True
139,13784545,Ana,Rodriguez,3593942088,ana.rodriguez45@gmail.com,Medellin,2023-01-26,True
140,10665138,Pedro,Rodriguez,3304663525,pedro.rodriguez14@gmail.com,Medellin,2021-04-14,True
141,11500044,Carlos,Lopez,3858480500,carlos.lopez54@gmail.com,Cali,2025-02-20,True
142,47886130,Jorge,Martinez,3854193731,jorge.martinez55@gmail.com,Barranquilla,2024-08-07,True
143,31717525,Luisa,Hernandez,3995224678,luisa.hernandez45@gmail.com,Bogota,2022-11-22,True
144,52133172,Pedro,Martinez,3980809003,pedro.martinez64@gmail.com,Bogota,2021-02-02,True
145,77919810,Sofia,Lopez,3389798219,sofia.lopez76@gmail.com,Cartagena,2020-12-30,True
146,93558899,Pedro,Perez,3173640735,pedro.perez64@gmail.com,Medellin,2024-02-13,True
147,93481104,Jorge,Martinez,3437398384,jorge.martinez69@gmail.com,Bogota,2021-10-07,True
148,21059122,Juan,Gomez,3429641068,juan.gomez46@gmail.com,Medellin,2020-02-19,True
149,35352657,Juan,Lopez,3815987496,juan.lopez54@gmail.com,Bogota,2024-03-11,True
150,66054357,Sofia,Perez,3281225446,sofia.perez90@gmail.com,Bogota,2025-04-17,True
151,79747548,Sofia,Lopez,3830689155,sofia.lopez40@gmail.com,Cali,2024-05-18,True
152,44627194,Juan,Perez,3547178235,juan.perez88@gmail.com,Barranquilla,2020-12-22,True
153,10795816,Pedro,Gomez,3392044710,pedro.gomez82@gmail.com,Medellin,2023-03-10,True
154,96418749,Maria,Martinez,3224030791,maria.martinez69@gmail.com,Medellin,2025-02-21,True
155,26968572,Jorge,Gomez,3244514592,jorge.gomez30@gmail.com,Cali,2024-10-09,True
156,84592953,Maria,Perez,3428331675,maria.perez93@gmail.com,Medellin,2020-02-28,True
157,98273816,Carlos,Martinez,3106559093,carlos.martinez28@gmail.com,Medellin,2021-09-13,True
158,93366512,Jorge,Hernandez,3946490562,jorge.hernandez1@gmail.com,Bogota,2022-08-23,True
159,16346281,Pedro,Lopez,3639616011,pedro.lopez75@gmail.com,Barranquilla,2022-12-27,True
160,23045735,Sofia,Lopez,3863335138,sofia.lopez70@gmail.com,Barranquilla,2025-02-02,True
161,73171851,Carlos,Hernandez,3640957174,carlos.hernandez88@gmail.com,Medellin,2022-11-23,True
162,53295198,Jorge,Hernandez,3530719216,jorge.hernandez69@gmail.com,Medellin,2025-05-19,True
163,90735882,Luisa,Gomez,3397737940,luisa.gomez74@gmail.com,Barranquilla,2025-02-01,True
164,29100907,Maria,Perez,3888089856,maria.perez96@gmail.com,Cartagena,2021-02-27,True
165,10601646,Sofia,Gomez,3122407438,sofia.gomez49@gmail.com,Bogota,2023-02-26,True
166,29040231,Ana,Lopez,3715626709,ana.lopez56@gmail.com,Barranquilla,2021-05-29,True
167,41639561,Ana,Lopez,3196780188,ana.lopez42@gmail.com,Cali,2024-03-21,True
168,32325571,Juan,Gomez,3424963397,juan.gomez27@gmail.com,Barranquilla,2020-09-23,True
169,97759353,Carlos,Hernandez,3228975429,carlos.hernandez79@gmail.com,Bogota,2023-03-16,True
170,77373156,Luisa,Hernandez,3595467632,luisa.hernandez21@gmail.com,Barranquilla,2021-02-13,True
171,51897176,Pedro,Hernandez,3463470699,pedro.hernandez53@gmail.com,Cali,2021-11-01,True
172,68038798,Sofia,Hernandez,3369386109,sofia.hernandez95@gmail.com,Cartagena,2023-06-10,True
173,41414016,Sofia,Hernandez,3408058422,sofia.hernandez44@gmail.com,Cali,2024-03-04,True
174,18710076,Jorge,Gomez,3960979569,jorge.gomez25@gmail.com,Bogota,2024-12-29,True
175,60216258,Juan,Lopez,3570891637,juan.lopez42@gmail.com,Cartagena,2024-05-25,True
176,74285436,Ana,Perez,3587063281,ana.perez52@gmail.com,Cartagena,2024-02-09,True
177,22301936,Pedro,Martinez,3800630046,pedro.martinez40@gmail.com,Cartagena,2023-11-22,True
178,31179102,Carlos,Rodriguez,3606707547,carlos.rodriguez26@gmail.com,Cali,2020-08-06,True
179,53335434,Carlos,Martinez,3410201799,carlos.martinez43@gmail.com,Medellin,2022-03-17,True
180,71605045,Ana,Lopez,3849068023,ana.lopez95@gmail.com,Barranquilla,2022-07-07,True
181,32042137,Luisa,Martinez,3541189792,luisa.martinez2@gmail.com,Medellin,2021-11-04,True
182,11752114,Maria,Lopez,3272380535,maria.lopez35@gmail.com,Bogota,2025-06-01,True
183,88239066,Carlos,Gomez,3308517316,carlos.gomez72@gmail.com,Bogota,2022-07-09,True
184,61218264,Sofia,Martinez,3168567275,sofia.martinez79@gmail.com,Bogota,2022-11-24,True
185,41419626,Pedro,Rodriguez,3327156974,pedro.rodriguez28@gmail.com,Cali,2020-01-19,True
186,82996223,Jorge,Hernandez,3380788779,jorge.hernandez64@gmail.com,Bogota,2022-02-12,True
187,88357477,Maria,Lopez,3917402869,maria.lopez49@gmail.com,Barranquilla,2021-07-23,True
188,27315952,Sofia,Hernandez,3970397069,sofia.hernandez6@gmail.com,Bogota,2024-11-18,True
189,89591606,Juan,Hernandez,3257010544,juan.hernandez62@gmail.com,Barranquilla,2025-02-20,True
190,10613955,Pedro,Perez,3787018884,pedro.perez21@gmail.com,Bogota,2023-03-12,True
191,88858659,Luisa,Lopez,3502929806,luisa.lopez63@gmail.com,Cartagena,2024-06-16,True
192,16803781,Sofia,Martinez,3722375813,sofia.martinez18@gmail.com,Bogota,2025-01-28,True
193,80757003,Luisa,Rodriguez,3227858781,luisa.rodriguez5@gmail.com,Barranquilla,2022-09-08,True
194,69281872,Juan,Rodriguez,3909938387,juan.rodriguez31@gmail.com,Cartagena,2024-03-30,True
195,88616845,Luisa,Martinez,3184108972,luisa.martinez57@gmail.com,Medellin,2025-03-22,True
196,91570150,Ana,Hernandez,3804018271,ana.hernandez65@gmail.com,Bogota,2023-10-09,True
197,13370807,Carlos,Rodriguez,3953340602,carlos.rodriguez35@gmail.com,Cartagena,2022-08-25,True
198,36439330,Carlos,Rodriguez,3412693760,carlos.rodriguez81@gmail.com,Cartagena,2022-11-23,True
199,59902557,Sofia,Perez,3582510755,sofia.perez65@gmail.com,Cartagena,2024-03-21,True
200,59032821,Juan,Martinez,3391439919,juan.martinez73@gmail.com,Barranquilla,2021-06-23,True
201,30187499,Pedro,Gomez,3916760248,pedro.gomez39@gmail.com,Cartagena,2022-09-26,True
202,36631822,Sofia,Rodriguez,3329493267,sofia.rodriguez31@gmail.com,Medellin,2021-10-16,True
203,14742053,Pedro,Perez,3390326915,pedro.perez64@gmail.com,Barranquilla,2023-12-26,True
204,73692353,Maria,Perez,3851755996,maria.perez20@gmail.com,Cali,2023-03-25,True
205,37032710,Maria,Hernandez,3807866814,maria.hernandez58@gmail.com,Cali,2023-11-03,True
206,47643604,Jorge,Lopez,3104810790,jorge.lopez19@gmail.com,Medellin,2021-09-03,True
207,35988316,Carlos,Perez,3669200453,carlos.perez74@gmail.com,Cali,2022-07-13,True
208,65319140,Jorge,Perez,3638366116,jorge.perez86@gmail.com,Barranquilla,2023-07-10,True
209,13507593,Ana,Martinez,3241233058,ana.martinez55@gmail.com,Cali,2024-09-04,True
210,16955585,Carlos,Lopez,3152345297,carlos.lopez97@gmail.com,Bogota,2024-03-25,True
211,61972385,Maria,Lopez,3192455299,maria.lopez16@gmail.com,Bogota,2021-01-28,True
212,26897627,Sofia,Martinez,3396549760,sofia.martinez55@gmail.com,Cali,2021-11-19,True
213,21197657,Maria,Martinez,3871385623,maria.martinez71@gmail.com,Barranquilla,2022-08-22,True
214,90324934,Ana,Perez,3964277184,ana.perez13@gmail.com,Medellin,2023-09-24,True
215,73338603,Jorge,Perez,3430709062,jorge.perez60@gmail.com,Bogota,2023-02-15,True
216,46149827,Luisa,Hernandez,3468455115,luisa.hernandez49@gmail.com,Bogota,2023-10-25,True
217,29343749,Sofia,Martinez,3833993042,sofia.martinez78@gmail.com,Medellin,2021-03-03,True
218,86392293,Carlos,Lopez,3278186549,carlos.lopez56@gmail.com,Bogota,2024-03-19,True
219,76111599,Pedro,Lopez,3730769383,pedro.lopez71@gmail.com,Bogota,2020-01-09,True
220,30612205,Jorge,Hernandez,3134987680,jorge.hernandez91@gmail.com,Cali,2022-11-29,True
221,76615444,Pedro,Gomez,3718958127,pedro.gomez27@gmail.com,Cartagena,2020-12-04,True
222,34873135,Luisa,Gomez,3637358090,luisa.gomez53@gmail.com,Cali,2022-08-29,True
223,60342373,Maria,Gomez,3209427601,maria.gomez30@gmail.com,Cali,2020-09-02,True
224,65887334,Pedro,Hernandez,3118498091,pedro.hernandez62@gmail.com,Bogota,2020-06-23,True
225,25363143,Carlos,Lopez,3758014552,carlos.lopez48@gmail.com,Barranquilla,2022-06-23,True
226,42146112,Luisa,Hernandez,3925521749,luisa.hernandez56@gmail.com,Barranquilla,2023-10-16,True
227,23522117,Pedro,Martinez,3953223435,pedro.martinez39@gmail.com,Cali,2023-08-20,True
228,19702648,Juan,Gomez,3790288853,juan.gomez85@gmail.com,Medellin,2023-10-17,True
229,54119251,Sofia,Lopez,3950155063,sofia.lopez55@gmail.com,Cartagena,2020-02-20,True
230,84659001,Juan,Gomez,3526858309,juan.gomez75@gmail.com,Medellin,2024-11-24,True
231,10375883,Ana,Lopez,3357869383,ana.lopez58@gmail.com,Medellin,2022-03-11,True
232,77313457,Sofia,Hernandez,3357667415,sofia.hernandez70@gmail.com,Cali,2024-03-18,True
233,49378441,Sofia,Perez,3251682657,sofia.perez30@gmail.com,Cartagena,2024-12-24,True
234,61442898,Jorge,Gomez,3951587234,jorge.gomez71@gmail.com,Barranquilla,2023-06-23,True
235,46598351,Pedro,Hernandez,3613514036,pedro.hernandez80@gmail.com,Bogota,2023-11-09,True
236,21000980,Sofia,Perez,3234767035,sofia.perez2@gmail.com,Cartagena,2024-12-18,True
237,63005052,Jorge,Hernandez,3315224098,jorge.hernandez34@gmail.com,Cartagena,2022-12-15,True
238,52729959,Ana,Hernandez,3349765711,ana.hernandez96@gmail.com,Cali,2022-08-08,True
239,69912106,Pedro,Hernandez,3295211741,pedro.hernandez23@gmail.com,Cali,2024-07-26,True
240,58493060,Sofia,Lopez,3839739204,sofia.lopez22@gmail.com,Cali,2025-03-14,True
241,47561567,Juan,Rodriguez,3632563061,juan.rodriguez10@gmail.com,Medellin,2020-07-02,True
242,56313785,Pedro,Rodriguez,3875268463,pedro.rodriguez40@gmail.com,Barranquilla,2024-12-11,True
243,53013365,Maria,Lopez,3560003231,maria.lopez5@gmail.com,Medellin,2023-12-13,True
244,51464624,Maria,Perez,3562789229,maria.perez76@gmail.com,Cali,2020-04-30,True
245,80023387,Pedro,Perez,3209998134,pedro.perez50@gmail.com,Cali,2020-08-17,True
246,92061444,Maria,Rodriguez,3306364561,maria.rodriguez17@gmail.com,Cali,2020-10-19,True
247,16578201,Ana,Perez,3669109984,ana.perez82@gmail.com,Medellin,2024-12-27,True
248,26861043,Pedro,Rodriguez,3187150685,pedro.rodriguez85@gmail.com,Barranquilla,2022-05-26,True
249,95332765,Ana,Hernandez,3664292845,ana.hernandez23@gmail.com,Medellin,2021-05-06,True
250,41485980,Jorge,Perez,3728461214,jorge.perez3@gmail.com,Cartagena,2023-02-27,True
251,36529295,Ana,Perez,3535007320,ana.perez22@gmail.com,Medellin,2022-10-24,True
252,22784231,Maria,Perez,3650195029,maria.perez53@gmail.com,Bogota,2023-05-20,True
253,75844727,Jorge,Perez,3177626489,jorge.perez30@gmail.com,Cali,2022-11-18,True
254,56196885,Carlos,Hernandez,3924647658,carlos.hernandez71@gmail.com,Cartagena,2025-01-10,True
255,83354784,Jorge,Gomez,3408327542,jorge.gomez56@gmail.com,Cali,2024-04-11,True
256,61092684,Carlos,Perez,3111619452,carlos.perez79@gmail.com,Cali,2022-05-12,True
257,46817127,Carlos,Lopez,3355749337,carlos.lopez77@gmail.com,Barranquilla,2020-10-22,True
258,20749940,Carlos,Martinez,3172605365,carlos.martinez22@gmail.com,Medellin,2022-07-17,True
259,10892885,Carlos,Perez,3161474795,carlos.perez43@gmail.com,Cartagena,2020-07-26,True
260,31443552,Sofia,Hernandez,3328903255,sofia.hernandez21@gmail.com,Cali,2024-01-04,True
261,24780405,Carlos,Gomez,3473077589,carlos.gomez70@gmail.com,Medellin,2023-04-07,True
262,71574615,Sofia,Rodriguez,3651113656,sofia.rodriguez16@gmail.com,Cali,2022-05-12,True
263,34832065,Sofia,Rodriguez,3116836609,sofia.rodriguez42@gmail.com,Medellin,2021-05-06,True
264,59298855,Sofia,Perez,3584280671,sofia.perez2@gmail.com,Barranquilla,2023-01-27,True
265,63720935,Sofia,Perez,3995647930,sofia.perez98@gmail.com,Medellin,2022-08-20,True
266,57648561,Ana,Lopez,3806913305,ana.lopez2@gmail.com,Medellin,2021-08-31,True
267,55953232,Juan,Lopez,3455377962,juan.lopez10@gmail.com,Barranquilla,2025-05-16,True
268,76052231,Jorge,Gomez,3729137161,jorge.gomez1@gmail.com,Cali,2022-10-30,True
269,99537123,Sofia,Lopez,3335266454,sofia.lopez57@gmail.com,Cali,2023-11-17,True
270,43634206,Pedro,Gomez,3462650310,pedro.gomez35@gmail.com,Cartagena,2023-09-23,True
271,44241522,Jorge,Lopez,3262525797,jorge.lopez52@gmail.com,Bogota,2021-01-20,True
272,29025448,Jorge,Lopez,3738062085,jorge.lopez47@gmail.com,Medellin,2021-03-05,True
273,93854504,Maria,Hernandez,3230162018,maria.hernandez7@gmail.com,Cali,2020-06-04,True
274,47033860,Sofia,Lopez,3714048261,sofia.lopez65@gmail.com,Cartagena,2024-06-17,True
275,70518768,Carlos,Rodriguez,3775253251,carlos.rodriguez71@gmail.com,Medellin,2024-07-14,True
276,36452921,Carlos,Gomez,3357255006,carlos.gomez73@gmail.com,Medellin,2023-04-10,True
277,36364137,Pedro,Hernandez,3744053825,pedro.hernandez43@gmail.com,Cali,2025-01-01,True
278,58242732,Luisa,Martinez,3459252175,luisa.martinez64@gmail.com,Bogota,2023-12-20,True
279,79177043,Juan,Perez,3823290453,juan.perez84@gmail.com,Bogota,2022-05-21,True
280,75708833,Ana,Rodriguez,3812592424,ana.rodriguez41@gmail.com,Cartagena,2024-12-31,True
281,34230394,Sofia,Hernandez,3986314926,sofia.hernandez92@gmail.com,Cali,2023-07-19,True
282,75412319,Sofia,Hernandez,3508806304,sofia.hernandez18@gmail.com,Bogota,2024-11-26,True
283,70040030,Luisa,Perez,3205264960,luisa.perez43@gmail.com,Barranquilla,2024-06-24,True
284,78397730,Pedro,Hernandez,3955932054,pedro.hernandez41@gmail.com,Barranquilla,2023-05-30,True
285,28093442,Juan,Perez,3644479563,juan.perez60@gmail.com,Cartagena,2024-11-26,True
286,66006392,Luisa,Martinez,3533218210,luisa.martinez48@gmail.com,Barranquilla,2021-06-23,True
287,43140131,Carlos,Gomez,3630152485,carlos.gomez44@gmail.com,Barranquilla,2024-01-22,True
288,40526328,Sofia,Lopez,3564577496,sofia.lopez32@gmail.com,Barranquilla,2024-03-25,True
289,29626453,Ana,Lopez,3118422942,ana.lopez64@gmail.com,Bogota,2021-02-15,True
290,16764016,Juan,Rodriguez,3882635444,juan.rodriguez84@gmail.com,Barranquilla,2022-02-06,True
291,63384548,Luisa,Hernandez,3980645776,luisa.hernandez33@gmail.com,Cali,2021-02-16,True
292,53178937,Sofia,Perez,3844714224,sofia.perez67@gmail.com,Barranquilla,2024-04-19,True
293,61174352,Pedro,Rodriguez,3670219587,pedro.rodriguez29@gmail.com,Cali,2022-11-08,True
294,76203652,Luisa,Hernandez,3423492008,luisa.hernandez43@gmail.com,Cali,2025-03-19,True
295,14412714,Jorge,Lopez,3646958200,jorge.lopez32@gmail.com,Cartagena,2023-08-10,True
296,71676226,Luisa,Rodriguez,3531839656,luisa.rodriguez15@gmail.com,Bogota,2024-04-14,True
297,84038822,Carlos,Lopez,3552046311,carlos.lopez21@gmail.com,Medellin,2020-10-22,True
298,64595587,Luisa,Gomez,3197040424,luisa.gomez53@gmail.com,Cartagena,2021-01-20,True
299,19812391,Jorge,Gomez,3581930025,jorge.gomez94@gmail.com,Medellin,2024-06-08,True
300,16336515,Carlos,Lopez,3919448612,carlos.lopez99@gmail.com,Cartagena,2025-03-06,True
301,97298312,Luisa,Martinez,3734496154,luisa.martinez51@gmail.com,Bogota,2021-01-15,True
302,78690748,Luisa,Rodriguez,3377601112,luisa.rodriguez60@gmail.com,Cali,2022-04-14,True
303,89361064,Luisa,Lopez,3304573524,luisa.lopez35@gmail.com,Cartagena,2023-01-28,True
304,52829154,Sofia,Perez,3758738764,sofia.perez7@gmail.com,Medellin,2020-06-08,True
305,47638933,Juan,Gomez,3634857064,juan.gomez82@gmail.com,Cali,2024-11-15,True
306,26616684,Jorge,Perez,3567676112,jorge.perez79@gmail.com,Cali,2020-07-31,True
307,66540300,Jorge,Hernandez,3936554802,jorge.hernandez50@gmail.com,Cartagena,2020-07-22,True
308,26027137,Pedro,Martinez,3638226592,pedro.martinez60@gmail.com,Cali,2024-05-02,True
309,75239622,Luisa,Hernandez,3475154097,luisa.hernandez34@gmail.com,Cartagena,2022-05-04,True
310,41275673,Luisa,Lopez,3346039629,luisa.lopez31@gmail.com,Bogota,2020-02-22,True
311,12742120,Jorge,Lopez,3601934981,jorge.lopez78@gmail.com,Cali,2024-04-09,True
312,90499683,Maria,Hernandez,3601746387,maria.hernandez80@gmail.com,Medellin,2020-03-04,True
313,58914605,Luisa,Hernandez,3510156583,luisa.hernandez84@gmail.com,Medellin,2021-03-27,True
314,96992473,Juan,Perez,3968113484,juan.perez8@gmail.com,Medellin,2021-08-15,True
315,14382307,Maria,Martinez,3293645885,maria.martinez49@gmail.com,Cartagena,2024-09-15,True
316,87195876,Pedro,Rodriguez,3700386574,pedro.rodriguez25@gmail.com,Barranquilla,2022-02-04,True
317,18755956,Sofia,Martinez,3734995983,sofia.martinez36@gmail.com,Cali,2020-04-01,True
318,90281526,Luisa,Hernandez,3203511638,luisa.hernandez91@gmail.com,Bogota,2024-09-29,True
319,47546457,Maria,Martinez,3885394593,maria.martinez74@gmail.com,Barranquilla,2024-09-03,True
320,34215190,Ana,Gomez,3605138901,ana.gomez95@gmail.com,Barranquilla,2022-06-15,True
321,22953581,Jorge,Rodriguez,3152863323,jorge.rodriguez47@gmail.com,Bogota,2023-05-28,True
322,91448935,Sofia,Perez,3345456777,sofia.perez43@gmail.com,Cali,2023-03-09,True
323,73911641,Sofia,Perez,3898551242,sofia.perez35@gmail.com,Medellin,2020-04-14,True
324,69329922,Juan,Gomez,3734303664,juan.gomez43@gmail.com,Barranquilla,2025-02-18,True
325,56557802,Carlos,Perez,3556933598,carlos.perez91@gmail.com,Cali,2021-04-25,True
326,51271709,Maria,Lopez,3688961979,maria.lopez98@gmail.com,Cartagena,2023-05-17,True
327,73535047,Jorge,Martinez,3941503188,jorge.martinez63@gmail.com,Cartagena,2022-12-30,True
328,49130813,Maria,Rodriguez,3897668249,maria.rodriguez26@gmail.com,Cartagena,2020-12-19,True
329,42165814,Ana,Lopez,3171132849,ana.lopez61@gmail.com,Medellin,2025-04-26,True
330,33447762,Maria,Hernandez,3559078531,maria.hernandez87@gmail.com,Barranquilla,2021-04-28,True
331,48115404,Ana,Hernandez,3105218066,ana.hernandez73@gmail.com,Cali,2024-07-21,True
332,44356267,Maria,Perez,3747761123,maria.perez69@gmail.com,Cartagena,2020-06-26,True
333,63960327,Juan,Lopez,3191437684,juan.lopez44@gmail.com,Cartagena,2024-08-30,True
334,28731381,Ana,Perez,3986317490,ana.perez19@gmail.com,Medellin,2023-11-02,True
335,74183861,Sofia,Gomez,3185352572,sofia.gomez22@gmail.com,Bogota,2024-08-14,True
336,60644219,Juan,Martinez,3289411715,juan.martinez32@gmail.com,Medellin,2020-11-04,True
337,82046425,Carlos,Rodriguez,3122162547,carlos.rodriguez43@gmail.com,Cartagena,2024-08-06,True
338,90856584,Carlos,Gomez,3281415102,carlos.gomez74@gmail.com,Barranquilla,2021-10-28,True
339,21305524,Carlos,Perez,3550286938,carlos.perez6@gmail.com,Cali,2024-10-30,True
340,30642635,Ana,Hernandez,3162790495,ana.hernandez9@gmail.com,Bogota,2024-12-19,True
341,83525865,Juan,Martinez,3523553899,juan.martinez67@gmail.com,Bogota,2023-06-17,True
342,27123772,Ana,Hernandez,3503474760,ana.hernandez33@gmail.com,Medellin,2023-10-22,True
343,15268562,Juan,Rodriguez,3514689642,juan.rodriguez33@gmail.com,Bogota,2020-06-26,True
344,28038547,Carlos,Hernandez,3689558175,carlos.hernandez83@gmail.com,Medellin,2020-05-16,True
345,60483391,Luisa,Perez,3812032141,luisa.perez76@gmail.com,Cali,2024-02-10,True
346,89833585,Sofia,Gomez,3445527223,sofia.gomez74@gmail.com,Cartagena,2022-02-16,True
347,41917548,Carlos,Hernandez,3822584321,carlos.hernandez14@gmail.com,Cartagena,2022-06-01,True
348,66496644,Luisa,Martinez,3378683734,luisa.martinez94@gmail.com,Medellin,2021-04-30,True
349,20430713,Sofia,Lopez,3214450464,sofia.lopez63@gmail.com,Medellin,2024-01-05,True
350,98273514,Jorge,Perez,3881241350,jorge.perez48@gmail.com,Cartagena,2021-07-03,True
351,48522283,Maria,Lopez,3400944820,maria.lopez37@gmail.com,Medellin,2023-06-08,True
352,23887706,Luisa,Perez,3265504250,luisa.perez22@gmail.com,Barranquilla,2021-11-13,True
353,88578846,Jorge,Rodriguez,3679183156,jorge.rodriguez22@gmail.com,Barranquilla,2021-09-27,True
354,54812137,Sofia,Perez,3815381629,sofia.perez65@gmail.com,Cali,2020-04-09,True
355,54063387,Sofia,Martinez,3328766604,sofia.martinez7@gmail.com,Cali,2020-05-21,True
356,52299197,Ana,Martinez,3878725493,ana.martinez16@gmail.com,Cartagena,2024-03-25,True
357,29518754,Sofia,Perez,3117788895,sofia.perez51@gmail.com,Cali,2020-08-16,True
358,53511505,Jorge,Gomez,3155761321,jorge.gomez74@gmail.com,Medellin,2022-02-15,True
359,30954127,Carlos,Martinez,3426824036,carlos.martinez77@gmail.com,Barranquilla,2021-10-14,True
360,15383537,Ana,Hernandez,3277911686,ana.hernandez81@gmail.com,Cartagena,2025-02-09,True
361,40772875,Jorge,Perez,3772207250,jorge.perez75@gmail.com,Cartagena,2025-06-23,True
362,45666199,Ana,Gomez,3700783692,ana.gomez46@gmail.com,Cali,2022-08-17,True
363,36107048,Luisa,Rodriguez,3883336188,luisa.rodriguez96@gmail.com,Bogota,2025-03-30,True
364,11090506,Luisa,Perez,3361145389,luisa.perez1@gmail.com,Bogota,2021-07-03,True
365,18669892,Maria,Lopez,3885746841,maria.lopez77@gmail.com,Medellin,2024-10-21,True
366,83287104,Carlos,Gomez,3106426137,carlos.gomez67@gmail.com,Cartagena,2020-06-17,True
367,61432765,Sofia,Gomez,3363532865,sofia.gomez5@gmail.com,Medellin,2020-07-04,True
368,79981916,Luisa,Rodriguez,3451488655,luisa.rodriguez65@gmail.com,Bogota,2024-03-06,True
369,56300369,Pedro,Rodriguez,3422126688,pedro.rodriguez89@gmail.com,Barranquilla,2020-02-11,True
370,80056749,Carlos,Martinez,3613345519,carlos.martinez54@gmail.com,Bogota,2023-10-20,True
371,46720634,Juan,Lopez,3618528130,juan.lopez39@gmail.com,Barranquilla,2025-02-09,True
372,31435357,Luisa,Perez,3171509413,luisa.perez42@gmail.com,Bogota,2020-10-23,True
373,53318233,Juan,Martinez,3723300113,juan.martinez57@gmail.com,Cali,2020-01-17,True
374,93065641,Ana,Perez,3892100126,ana.perez2@gmail.com,Barranquilla,2025-04-30,True
375,74844814,Sofia,Gomez,3176168836,sofia.gomez88@gmail.com,Barranquilla,2020-07-26,True
376,72712460,Maria,Rodriguez,3955237534,maria.rodriguez13@gmail.com,Medellin,2022-10-17,True
377,55419622,Maria,Martinez,3700693800,maria.martinez79@gmail.com,Bogota,2022-12-21,True
378,71356336,Carlos,Martinez,3249453320,carlos.martinez21@gmail.com,Cartagena,2024-04-06,True
379,93697352,Luisa,Gomez,3639931610,luisa.gomez93@gmail.com,Bogota,2025-02-26,True
380,25830187,Ana,Martinez,3189168601,ana.martinez37@gmail.com,Cali,2021-09-21,True
381,22277136,Juan,Rodriguez,3402304109,juan.rodriguez64@gmail.com,Cartagena,2022-10-18,True
382,22493596,Pedro,Martinez,3574992300,pedro.martinez30@gmail.com,Bogota,2024-07-19,True
383,10036807,Ana,Gomez,3338214154,ana.gomez94@gmail.com,Barranquilla,2020-07-14,True
384,42605043,Ana,Hernandez,3101569858,ana.hernandez2@gmail.com,Bogota,2025-01-03,True
385,71852494,Ana,Rodriguez,3192294976,ana.rodriguez1@gmail.com,Barranquilla,2020-02-13,True
386,38075397,Jorge,Rodriguez,3895616541,jorge.rodriguez7@gmail.com,Bogota,2021-11-23,True
387,11054414,Carlos,Rodriguez,3989839671,carlos.rodriguez34@gmail.com,Bogota,2024-10-25,True
388,14536059,Luisa,Hernandez,3559134418,luisa.hernandez53@gmail.com,Cartagena,2024-09-11,True
389,68263832,Ana,Lopez,3435710041,ana.lopez32@gmail.com,Cali,2020-09-11,True
390,61349056,Luisa,Perez,3112528622,luisa.perez18@gmail.com,Cali,2023-07-02,True
391,21721521,Maria,Perez,3836347601,maria.perez59@gmail.com,Bogota,2021-03-15,True
392,14552869,Juan,Rodriguez,3966636977,juan.rodriguez93@gmail.com,Barranquilla,2023-01-29,True
393,52109918,Ana,Gomez,3394908551,ana.gomez77@gmail.com,Barranquilla,2021-03-31,True
394,42880409,Maria,Rodriguez,3980481712,maria.rodriguez78@gmail.com,Cali,2022-08-07,True
395,89485498,Juan,Martinez,3863573343,juan.martinez84@gmail.com,Cali,2024-04-06,True
396,30760879,Sofia,Gomez,3927167217,sofia.gomez60@gmail.com,Medellin,2021-06-15,True
397,26595477,Pedro,Lopez,3476630937,pedro.lopez68@gmail.com,Cali,2022-03-10,True
398,55735249,Jorge,Hernandez,3959346140,jorge.hernandez90@gmail.com,Cali,2020-07-19,True
399,72767469,Juan,Hernandez,3985341327,juan.hernandez60@gmail.com,Cartagena,2023-04-12,True
400,64305453,Luisa,Hernandez,3841189521,luisa.hernandez31@gmail.com,Medellin,2021-02-12,True
401,86231110,Carlos,Martinez,3542298601,carlos.martinez58@gmail.com,Cartagena,2021-08-10,True
402,85460561,Pedro,Perez,3981701787,pedro.perez19@gmail.com,Medellin,2023-06-09,True
403,65812989,Pedro,Rodriguez,3976123523,pedro.rodriguez90@gmail.com,Cartagena,2022-03-31,True
404,74348213,Luisa,Perez,3686125210,luisa.perez96@gmail.com,Bogota,2022-10-23,True
405,73251543,Maria,Gomez,3706878206,maria.gomez39@gmail.com,Bogota,2024-08-02,True
406,82755101,Carlos,Rodriguez,3896231554,carlos.rodriguez15@gmail.com,Barranquilla,2023-06-29,True
407,93000520,Jorge,Perez,3613968436,jorge.perez10@gmail.com,Cartagena,2023-04-01,True
408,27022721,Sofia,Hernandez,3395741254,sofia.hernandez64@gmail.com,Medellin,2020-04-21,True
409,19691076,Carlos,Lopez,3104033675,carlos.lopez96@gmail.com,Cali,2024-04-08,True
410,24309079,Luisa,Perez,3181716186,luisa.perez74@gmail.com,Cartagena,2022-07-25,True
411,65930540,Jorge,Lopez,3793262779,jorge.lopez94@gmail.com,Cartagena,2025-02-23,True
412,63017222,Maria,Gomez,3784351115,maria.gomez8@gmail.com,Cali,2023-06-24,True
413,50519645,Ana,Lopez,3794317654,ana.lopez52@gmail.com,Cali,2024-09-14,True
414,31490739,Juan,Perez,3289939372,juan.perez62@gmail.com,Bogota,2021-12-11,True
415,72778259,Ana,Rodriguez,3337385494,ana.rodriguez51@gmail.com,Bogota,2020-09-09,True
416,55431060,Maria,Lopez,3313138676,maria.lopez66@gmail.com,Barranquilla,2022-03-09,True
417,22122283,Carlos,Hernandez,3141570353,carlos.hernandez94@gmail.com,Cali,2022-05-17,True
418,26094801,Carlos,Gomez,3942134036,carlos.gomez70@gmail.com,Medellin,2023-12-31,True
419,39114748,Maria,Martinez,3954003464,maria.martinez78@gmail.com,Medellin,2022-03-14,True
420,61123970,Jorge,Rodriguez,3755401154,jorge.rodriguez10@gmail.com,Bogota,2021-12-21,True
421,12390690,Jorge,Perez,3550160373,jorge.perez72@gmail.com,Barranquilla,2020-11-30,True
422,83103955,Jorge,Perez,3516126832,jorge.perez58@gmail.com,Medellin,2020-06-22,True
423,47791110,Maria,Hernandez,3557941050,maria.hernandez94@gmail.com,Bogota,2024-06-30,True
424,24747150,Pedro,Perez,3508362711,pedro.perez78@gmail.com,Cartagena,2024-03-30,True
425,39212056,Carlos,Perez,3448484101,carlos.perez11@gmail.com,Medellin,2023-11-12,True
426,80310666,Jorge,Perez,3304080774,jorge.perez34@gmail.com,Bogota,2021-10-13,True
427,15471832,Jorge,Lopez,3948135399,jorge.lopez93@gmail.com,Barranquilla,2020-01-18,True
428,60671119,Ana,Martinez,3221332445,ana.martinez91@gmail.com,Cartagena,2023-08-19,True
429,35684138,Pedro,Hernandez,3357994419,pedro.hernandez55@gmail.com,Bogota,2024-01-24,True
430,51987048,Carlos,Perez,3397245979,carlos.perez81@gmail.com,Cartagena,2024-07-01,True
431,21499448,Juan,Martinez,3145644323,juan.martinez51@gmail.com,Cali,2020-10-10,True
432,30935521,Luisa,Gomez,3194529848,luisa.gomez69@gmail.com,Barranquilla,2021-07-11,True
433,42376973,Sofia,Rodriguez,3119325335,sofia.rodriguez21@gmail.com,Barranquilla,2022-11-04,True
434,12435342,Sofia,Perez,3702435268,sofia.perez6@gmail.com,Barranquilla,2024-07-29,True
435,20916221,Pedro,Martinez,3621136033,pedro.martinez88@gmail.com,Cali,2021-08-18,True
436,51658407,Jorge,Rodriguez,3451245744,jorge.rodriguez2@gmail.com,Medellin,2020-10-05,True
437,58308761,Pedro,Rodriguez,3650752742,pedro.rodriguez59@gmail.com,Cartagena,2024-03-30,True
438,15109672,Sofia,Lopez,3558360989,sofia.lopez53@gmail.com,Cali,2021-01-13,True
439,76516489,Jorge,Lopez,3823053870,jorge.lopez67@gmail.com,Cartagena,2020-03-02,True
440,35743266,Juan,Martinez,3311309412,juan.martinez27@gmail.com,Cartagena,2024-09-24,True
441,56329989,Carlos,Gomez,3309064290,carlos.gomez96@gmail.com,Bogota,2023-11-16,True
442,53597670,Luisa,Lopez,3161074240,luisa.lopez69@gmail.com,Cartagena,2025-04-23,True
443,32520576,Carlos,Lopez,3466085384,carlos.lopez35@gmail.com,Barranquilla,2021-01-24,True
444,29370914,Jorge,Martinez,3849226875,jorge.martinez28@gmail.com,Bogota,2021-09-03,True
445,82331057,Maria,Rodriguez,3600493994,maria.rodriguez7@gmail.com,Medellin,2025-01-11,True
446,71212823,Sofia,Rodriguez,3512321353,sofia.rodriguez65@gmail.com,Cali,2022-07-31,True
447,87920245,Pedro,Rodriguez,3123940592,pedro.rodriguez21@gmail.com,Barranquilla,2020-02-06,True
448,32314265,Ana,Lopez,3993683297,ana.lopez45@gmail.com,Barranquilla,2023-05-26,True
449,81775147,Luisa,Perez,3813671818,luisa.perez67@gmail.com,Medellin,2024-06-04,True
450,77974632,Pedro,Rodriguez,3717756731,pedro.rodriguez92@gmail.com,Medellin,2023-09-21,True
451,37936900,Sofia,Rodriguez,3738157480,sofia.rodriguez84@gmail.com,Medellin,2024-02-23,True
452,25159597,Juan,Rodriguez,3795591144,juan.rodriguez44@gmail.com,Barranquilla,2025-06-23,True
453,29514109,Ana,Lopez,3535715884,ana.lopez53@gmail.com,Cali,2021-01-03,True
454,87879472,Pedro,Rodriguez,3974670512,pedro.rodriguez77@gmail.com,Bogota,2021-10-21,True
455,68145429,Maria,Perez,3463941444,maria.perez90@gmail.com,Cali,2022-11-07,True
456,96558564,Pedro,Martinez,3110819994,pedro.martinez9@gmail.com,Cartagena,2021-07-28,True
457,23602299,Carlos,Lopez,3669230520,carlos.lopez78@gmail.com,Barranquilla,2020-12-08,True
458,47171965,Carlos,Hernandez,3235613010,carlos.hernandez68@gmail.com,Cartagena,2024-03-04,True
459,70734246,Sofia,Martinez,3293642457,sofia.martinez73@gmail.com,Barranquilla,2022-08-25,True
460,26836394,Ana,Martinez,3898526764,ana.martinez51@gmail.com,Cartagena,2024-07-05,True
461,31051803,Jorge,Lopez,3186640618,jorge.lopez69@gmail.com,Cartagena,2023-01-30,True
462,70431746,Ana,Perez,3200678363,ana.perez50@gmail.com,Medellin,2024-08-10,True
463,73341542,Pedro,Perez,3898876729,pedro.perez34@gmail.com,Barranquilla,2021-12-26,True
464,85210691,Maria,Perez,3571836972,maria.perez41@gmail.com,Cartagena,2024-11-26,True
465,65368678,Juan,Lopez,3476681227,juan.lopez51@gmail.com,Cartagena,2024-01-04,True
466,56475181,Jorge,Perez,3941467581,jorge.perez76@gmail.com,Cali,2021-05-13,True
467,54853010,Luisa,Hernandez,3508417925,luisa.hernandez2@gmail.com,Barranquilla,2021-04-13,True
468,98366801,Ana,Hernandez,3765723034,ana.hernandez17@gmail.com,Medellin,2024-12-28,True
469,18872400,Jorge,Lopez,3678387521,jorge.lopez37@gmail.com,Barranquilla,2021-06-19,True
470,41010162,Pedro,Lopez,3844271561,pedro.lopez34@gmail.com,Cali,2024-09-27,True
471,39993641,Jorge,Gomez,3980994792,jorge.gomez7@gmail.com,Medellin,2022-05-01,True
472,35248703,Jorge,Hernandez,3663390570,jorge.hernandez89@gmail.com,Barranquilla,2025-04-28,True
473,95664427,Ana,Hernandez,3236702353,ana.hernandez27@gmail.com,Barranquilla,2020-06-22,True
474,74965842,Maria,Rodriguez,3590273844,maria.rodriguez28@gmail.com,Barranquilla,2024-06-12,True
475,10371825,Luisa,Martinez,3709463164,luisa.martinez64@gmail.com,Cartagena,2020-02-24,True
476,58946250,Juan,Martinez,3938651091,juan.martinez8@gmail.com,Cartagena,2021-01-21,True
477,80958018,Sofia,Martinez,3722149365,sofia.martinez23@gmail.com,Cartagena,2021-04-08,True
478,97019618,Jorge,Lopez,3710893732,jorge.lopez92@gmail.com,Cartagena,2020-05-30,True
479,38867703,Jorge,Lopez,3360772389,jorge.lopez11@gmail.com,Barranquilla,2025-06-15,True
480,56542523,Carlos,Rodriguez,3618773071,carlos.rodriguez83@gmail.com,Cartagena,2024-08-21,True
481,47066135,Sofia,Rodriguez,3860656603,sofia.rodriguez59@gmail.com,Bogota,2022-06-30,True
482,31656359,Luisa,Gomez,3614439038,luisa.gomez99@gmail.com,Cali,2025-03-14,True
483,60007779,Sofia,Martinez,3623766399,sofia.martinez26@gmail.com,Barranquilla,2021-01-21,True
484,91024669,Pedro,Gomez,3361775327,pedro.gomez21@gmail.com,Cali,2022-05-05,True
485,18977231,Ana,Gomez,3320635966,ana.gomez1@gmail.com,Medellin,2023-11-12,True
486,13893064,Ana,Martinez,3659761585,ana.martinez70@gmail.com,Barranquilla,2020-05-11,True
487,83973574,Ana,Martinez,3181004210,ana.martinez92@gmail.com,Cartagena,2020-09-09,True
488,36492769,Juan,Hernandez,3743790279,juan.hernandez64@gmail.com,Medellin,2021-06-14,True
489,78816381,Jorge,Perez,3916362969,jorge.perez45@gmail.com,Cartagena,2023-05-25,True
490,88494218,Ana,Rodriguez,3990806720,ana.rodriguez30@gmail.com,Bogota,2020-04-19,True
491,25372964,Carlos,Lopez,3259505005,carlos.lopez59@gmail.com,Bogota,2021-12-19,True
492,65429165,Jorge,Perez,3534078984,jorge.perez23@gmail.com,Barranquilla,2022-05-12,True
493,21722157,Jorge,Rodriguez,3271039269,jorge.rodriguez34@gmail.com,Medellin,2022-06-05,True
494,79651224,Jorge,Gomez,3205157973,jorge.gomez10@gmail.com,Cali,2023-08-23,True
495,65305921,Juan,Lopez,3874160575,juan.lopez1@gmail.com,Medellin,2020-05-28,True
496,19584888,Sofia,Hernandez,3138253844,sofia.hernandez3@gmail.com,Medellin,2024-07-02,True
497,44322882,Ana,Rodriguez,3167418847,ana.rodriguez49@gmail.com,Barranquilla,2022-08-23,True
498,40466248,Pedro,Perez,3575853054,pedro.perez70@gmail.com,Barranquilla,2022-07-05,True
499,34679430,Maria,Gomez,3842805434,maria.gomez59@gmail.com,Cartagena,2023-05-02,True
500,51271640,Carlos,Martinez,3927573156,carlos.martinez10@gmail.com,Cartagena,2023-02-16,True
501,24193266,Luisa,Gomez,3611462175,luisa.gomez65@gmail.com,Bogota,2024-02-11,True
502,83010388,Jorge,Rodriguez,3546597747,jorge.rodriguez38@gmail.com,Bogota,2025-03-31,True
503,96501443,Juan,Rodriguez,3895209437,juan.rodriguez86@gmail.com,Medellin,2023-03-10,True
504,96747325,Carlos,Hernandez,3954001207,carlos.hernandez91@gmail.com,Cartagena,2020-06-08,True
505,95910601,Sofia,Hernandez,3196267221,sofia.hernandez1@gmail.com,Cartagena,2020-12-26,True
506,83412720,Sofia,Gomez,3209518001,sofia.gomez50@gmail.com,Cartagena,2021-12-31,True
507,10795833,Pedro,Perez,3355099526,pedro.perez35@gmail.com,Bogota,2022-03-06,True
508,18798769,Juan,Martinez,3517348276,juan.martinez5@gmail.com,Bogota,2024-05-29,True
509,33598249,Carlos,Rodriguez,3222022871,carlos.rodriguez37@gmail.com,Barranquilla,2024-05-05,True
510,84664807,Pedro,Hernandez,3688730862,pedro.hernandez93@gmail.com,Medellin,2023-12-13,True
511,45802910,Jorge,Perez,3970411929,jorge.perez96@gmail.com,Bogota,2020-10-22,True
512,10944100,Juan,Rodriguez,3906439980,juan.rodriguez16@gmail.com,Barranquilla,2020-09-03,True
513,81639997,Maria,Lopez,3318783867,maria.lopez29@gmail.com,Cartagena,2020-10-01,True
514,27365945,Sofia,Gomez,3735891860,sofia.gomez8@gmail.com,Bogota,2022-02-10,True
515,78773946,Carlos,Lopez,3607513496,carlos.lopez97@gmail.com,Cali,2023-05-28,True
516,89053997,Maria,Perez,3259058089,maria.perez50@gmail.com,Cartagena,2024-08-28,True
517,94672499,Juan,Lopez,3719206028,juan.lopez25@gmail.com,Medellin,2021-03-10,True
518,52576122,Juan,Rodriguez,3727430838,juan.rodriguez28@gmail.com,Cartagena,2020-10-20,True
519,19762804,Pedro,Rodriguez,3126287422,pedro.rodriguez59@gmail.com,Cartagena,2024-08-07,True
520,86092960,Ana,Perez,3557470391,ana.perez33@gmail.com,Cali,2023-12-21,True
521,87666508,Maria,Lopez,3466556086,maria.lopez35@gmail.com,Cartagena,2025-06-18,True
522,18346872,Sofia,Martinez,3335840080,sofia.martinez1@gmail.com,Cali,2020-12-31,True
523,90367082,Carlos,Perez,3750597421,carlos.perez86@gmail.com,Bogota,2021-01-23,True
524,91859714,Ana,Rodriguez,3374856470,ana.rodriguez1@gmail.com,Bogota,2021-08-27,True
525,59412218,Ana,Rodriguez,3201861157,ana.rodriguez55@gmail.com,Cartagena,2021-11-03,True
526,22608617,Ana,Hernandez,3347644751,ana.hernandez76@gmail.com,Barranquilla,2023-12-14,True
527,62721675,Sofia,Martinez,3915219671,sofia.martinez43@gmail.com,Bogota,2024-05-09,True
528,44304296,Ana,Lopez,3797054234,ana.lopez96@gmail.com,Cartagena,2022-03-31,True
529,17868723,Maria,Rodriguez,3385763065,maria.rodriguez41@gmail.com,Cali,2023-06-24,True
530,16909275,Sofia,Martinez,3342477978,sofia.martinez6@gmail.com,Cali,2021-02-05,True
531,78096349,Luisa,Gomez,3259590705,luisa.gomez39@gmail.com,Cartagena,2020-06-23,True
532,36300347,Juan,Lopez,3488732325,juan.lopez59@gmail.com,Cali,2023-02-08,True
533,64734995,Sofia,Martinez,3838609901,sofia.martinez77@gmail.com,Cartagena,2020-07-08,True
534,38047954,Maria,Hernandez,3583268518,maria.hernandez81@gmail.com,Bogota,2020-07-03,True
535,10624905,Jorge,Rodriguez,3872613752,jorge.rodriguez20@gmail.com,Barranquilla,2024-07-28,True
536,51510602,Carlos,Rodriguez,3300899835,carlos.rodriguez48@gmail.com,Cartagena,2025-02-11,True
537,51977261,Pedro,Gomez,3149778735,pedro.gomez26@gmail.com,Bogota,2021-11-27,True
538,36019530,Ana,Lopez,3501868938,ana.lopez70@gmail.com,Cali,2023-08-31,True
539,58409279,Carlos,Martinez,3818823441,carlos.martinez30@gmail.com,Medellin,2021-10-25,True
540,90984735,Juan,Lopez,3493978547,juan.lopez50@gmail.com,Barranquilla,2021-04-22,True
541,14949271,Juan,Perez,3288899362,juan.perez26@gmail.com,Cali,2023-01-26,True
542,53961817,Pedro,Perez,3252146059,pedro.perez79@gmail.com,Medellin,2020-12-29,True
543,84235129,Sofia,Gomez,3652625633,sofia.gomez95@gmail.com,Cartagena,2024-10-02,True
544,81205414,Sofia,Gomez,3681825490,sofia.gomez3@gmail.com,Barranquilla,2020-04-19,True
545,49242000,Maria,Perez,3576754162,maria.perez22@gmail.com,Cali,2020-12-22,True
546,18132309,Luisa,Gomez,3972155561,luisa.gomez36@gmail.com,Bogota,2025-05-12,True
547,26580117,Ana,Lopez,3578592678,ana.lopez60@gmail.com,Medellin,2020-03-31,True
548,51970786,Luisa,Hernandez,3638467183,luisa.hernandez90@gmail.com,Bogota,2021-01-20,True
549,46218089,Sofia,Rodriguez,3554667313,sofia.rodriguez28@gmail.com,Bogota,2020-04-30,True
550,83382252,Ana,Lopez,3116759891,ana.lopez39@gmail.com,Cali,2023-09-22,True
551,93791781,Carlos,Gomez,3155376913,carlos.gomez96@gmail.com,Medellin,2023-04-20,True
552,74340081,Sofia,Rodriguez,3526598702,sofia.rodriguez36@gmail.com,Cali,2024-02-17,True
553,33624084,Pedro,Lopez,3761456912,pedro.lopez71@gmail.com,Bogota,2021-06-27,True
554,91505981,Juan,Gomez,3247811148,juan.gomez3@gmail.com,Bogota,2021-05-18,True
555,96643418,Carlos,Lopez,3842823528,carlos.lopez62@gmail.com,Medellin,2023-07-14,True
556,66223937,Pedro,Rodriguez,3552656267,pedro.rodriguez67@gmail.com,Cartagena,2021-02-27,True
557,62620266,Juan,Martinez,3625429303,juan.martinez11@gmail.com,Barranquilla,2022-01-07,True
558,84046601,Jorge,Hernandez,3384178724,jorge.hernandez38@gmail.com,Barranquilla,2020-03-08,True
559,24718939,Maria,Perez,3975472940,maria.perez73@gmail.com,Medellin,2020-12-24,True
560,86780732,Luisa,Gomez,3307359315,luisa.gomez81@gmail.com,Barranquilla,2025-04-16,True
561,65895599,Maria,Perez,3373222503,maria.perez76@gmail.com,Cartagena,2025-03-18,True
562,62500404,Juan,Hernandez,3319018194,juan.hernandez38@gmail.com,Cali,2023-11-13,True
563,58027911,Sofia,Hernandez,3108254979,sofia.hernandez71@gmail.com,Cali,2021-03-25,True
564,76062597,Carlos,Rodriguez,3806718662,carlos.rodriguez75@gmail.com,Cali,2022-01-01,True
565,63344838,Ana,Gomez,3550045034,ana.gomez21@gmail.com,Medellin,2020-09-30,True
566,83571979,Carlos,Lopez,3191967586,carlos.lopez23@gmail.com,Bogota,2025-01-31,True
567,90854399,Jorge,Lopez,3362931857,jorge.lopez52@gmail.com,Cali,2023-06-26,True
568,60347700,Ana,Lopez,3439109224,ana.lopez47@gmail.com,Medellin,2023-12-08,True
569,67617487,Maria,Martinez,3281246930,maria.martinez41@gmail.com,Cali,2024-04-07,True
570,59517414,Juan,Rodriguez,3762213271,juan.rodriguez12@gmail.com,Bogota,2024-03-18,True
571,32131998,Luisa,Lopez,3348515633,luisa.lopez60@gmail.com,Cartagena,2022-10-22,True
572,89429628,Pedro,Martinez,3512870914,pedro.martinez21@gmail.com,Barranquilla,2020-02-25,True
573,23518155,Pedro,Martinez,3731074939,pedro.martinez57@gmail.com,Cartagena,2020-04-21,True
574,78192340,Luisa,Hernandez,3942124676,luisa.hernandez65@gmail.com,Cartagena,2020-04-15,True
575,33453297,Ana,Rodriguez,3957755568,ana.rodriguez70@gmail.com,Bogota,2022-07-10,True
576,43401494,Sofia,Perez,3944294958,sofia.perez99@gmail.com,Cali,2022-04-23,True
577,72913107,Jorge,Gomez,3820624844,jorge.gomez98@gmail.com,Cartagena,2024-08-14,True
578,43221454,Carlos,Martinez,3696239053,carlos.martinez95@gmail.com,Bogota,2022-04-01,True
579,40926788,Jorge,Hernandez,3941333289,jorge.hernandez51@gmail.com,Barranquilla,2024-07-24,True
580,74136381,Ana,Perez,3233048048,ana.perez10@gmail.com,Cartagena,2023-03-20,True
581,55906418,Carlos,Lopez,3640062990,carlos.lopez32@gmail.com,Barranquilla,2025-02-05,True
582,38243231,Juan,Lopez,3882703694,juan.lopez49@gmail.com,Barranquilla,2021-03-22,True
583,91219950,Maria,Martinez,3469621082,maria.martinez32@gmail.com,Bogota,2022-07-09,True
584,83545498,Sofia,Perez,3951290819,sofia.perez72@gmail.com,Bogota,2020-11-22,True
585,40123518,Maria,Perez,3602311605,maria.perez95@gmail.com,Barranquilla,2020-02-28,True
586,90743988,Luisa,Rodriguez,3517489596,luisa.rodriguez13@gmail.com,Barranquilla,2020-12-23,True
587,95163486,Maria,Martinez,3367961928,maria.martinez99@gmail.com,Cali,2020-02-29,True
588,27828325,Luisa,Rodriguez,3837721654,luisa.rodriguez18@gmail.com,Cartagena,2021-10-03,True
589,44692913,Maria,Hernandez,3292244103,maria.hernandez80@gmail.com,Bogota,2021-08-28,True
590,54708147,Juan,Martinez,3683418213,juan.martinez52@gmail.com,Bogota,2023-10-16,True
591,39931962,Maria,Martinez,3361180608,maria.martinez24@gmail.com,Barranquilla,2021-11-07,True
592,21508527,Jorge,Lopez,3696307328,jorge.lopez67@gmail.com,Cali,2020-11-02,True
593,82607286,Pedro,Rodriguez,3206311170,pedro.rodriguez29@gmail.com,Barranquilla,2024-10-18,True
594,97675449,Luisa,Lopez,3581437049,luisa.lopez31@gmail.com,Bogota,2024-02-27,True
595,59938483,Pedro,Gomez,3930488731,pedro.gomez19@gmail.com,Medellin,2022-03-30,True
596,64608663,Luisa,Rodriguez,3278287982,luisa.rodriguez75@gmail.com,Barranquilla,2024-04-20,True
597,71954386,Carlos,Martinez,3438213235,carlos.martinez26@gmail.com,Medellin,2023-08-16,True
598,16389543,Luisa,Perez,3672750504,luisa.perez74@gmail.com,Barranquilla,2020-09-26,True
599,79033130,Pedro,Lopez,3419952513,pedro.lopez64@gmail.com,Cali,2024-10-03,True
600,42330425,Jorge,Perez,3559226815,jorge.perez3@gmail.com,Medellin,2021-04-04,True
601,81469840,Juan,Lopez,3213160395,juan.lopez34@gmail.com,Barranquilla,2024-01-03,True
602,38161825,Juan,Rodriguez,3785681375,juan.rodriguez71@gmail.com,Cartagena,2025-06-01,True
603,81395932,Sofia,Lopez,3906477430,sofia.lopez59@gmail.com,Cali,2020-12-13,True
604,24049024,Pedro,Perez,3653635718,pedro.perez26@gmail.com,Cali,2024-10-08,True
605,30732256,Carlos,Rodriguez,3421527721,carlos.rodriguez35@gmail.com,Cartagena,2022-02-27,True
606,75273622,Luisa,Gomez,3159377649,luisa.gomez49@gmail.com,Barranquilla,2020-07-30,True
607,97704109,Juan,Lopez,3966841297,juan.lopez98@gmail.com,Barranquilla,2024-02-25,True
608,55658630,Carlos,Martinez,3937210456,carlos.martinez27@gmail.com,Medellin,2023-01-07,True
609,51972931,Jorge,Martinez,3192652621,jorge.martinez6@gmail.com,Cartagena,2024-04-16,True
610,32274690,Juan,Rodriguez,3924813353,juan.rodriguez66@gmail.com,Medellin,2023-09-02,True
611,57445747,Pedro,Martinez,3350086460,pedro.martinez4@gmail.com,Bogota,2024-08-04,True
612,96502790,Luisa,Gomez,3114154091,luisa.gomez7@gmail.com,Barranquilla,2023-12-27,True
613,37650181,Sofia,Gomez,3598444042,sofia.gomez68@gmail.com,Cartagena,2025-06-06,True
614,67209617,Juan,Rodriguez,3841930097,juan.rodriguez64@gmail.com,Medellin,2022-04-15,True
615,83307666,Luisa,Perez,3367065410,luisa.perez97@gmail.com,Cali,2023-12-27,True
616,87880318,Sofia,Hernandez,3150175401,sofia.hernandez2@gmail.com,Cali,2020-12-03,True
617,31050108,Jorge,Rodriguez,3567610148,jorge.rodriguez18@gmail.com,Barranquilla,2023-08-19,True
618,39503134,Maria,Gomez,3366407308,maria.gomez76@gmail.com,Cartagena,2023-02-16,True
619,40296354,Pedro,Rodriguez,3818426119,pedro.rodriguez17@gmail.com,Cartagena,2020-09-04,True
620,34787903,Luisa,Hernandez,3998547573,luisa.hernandez15@gmail.com,Bogota,2024-01-25,True
621,99495277,Luisa,Lopez,3426104500,luisa.lopez49@gmail.com,Cali,2021-05-24,True
622,78727544,Ana,Hernandez,3764367791,ana.hernandez24@gmail.com,Cali,2020-10-28,True
623,99214875,Carlos,Lopez,3303116483,carlos.lopez18@gmail.com,Bogota,2020-01-30,True
624,52129210,Juan,Rodriguez,3426190401,juan.rodriguez93@gmail.com,Cartagena,2020-02-12,True
625,95771005,Pedro,Hernandez,3229701823,pedro.hernandez9@gmail.com,Barranquilla,2020-01-07,True
626,11455736,Maria,Perez,3412872915,maria.perez85@gmail.com,Bogota,2020-02-24,True
627,92704167,Maria,Rodriguez,3600579527,maria.rodriguez82@gmail.com,Cali,2020-02-13,True
628,97669475,Juan,Lopez,3759763219,juan.lopez71@gmail.com,Cartagena,2025-03-05,True
629,45419173,Jorge,Lopez,3345764966,jorge.lopez11@gmail.com,Medellin,2024-03-04,True
630,38288614,Jorge,Hernandez,3905152304,jorge.hernandez38@gmail.com,Medellin,2020-11-30,True
631,63080890,Maria,Lopez,3983609493,maria.lopez40@gmail.com,Bogota,2023-12-05,True
632,21636522,Maria,Rodriguez,3695760599,maria.rodriguez44@gmail.com,Barranquilla,2025-01-05,True
633,42272111,Pedro,Perez,3899580378,pedro.perez61@gmail.com,Cartagena,2023-11-12,True
634,88071089,Pedro,Martinez,3482525670,pedro.martinez91@gmail.com,Barranquilla,2021-06-08,True
635,38101613,Juan,Lopez,3226827626,juan.lopez82@gmail.com,Bogota,2024-10-18,True
636,75100535,Carlos,Perez,3160401404,carlos.perez89@gmail.com,Cartagena,2022-06-25,True
637,58347852,Juan,Perez,3278691121,juan.perez58@gmail.com,Bogota,2025-05-04,True
638,61971974,Maria,Martinez,3638972280,maria.martinez2@gmail.com,Cartagena,2021-09-17,True
639,38969664,Juan,Perez,3804046510,juan.perez54@gmail.com,Cartagena,2024-08-25,True
640,37690368,Pedro,Rodriguez,3862059263,pedro.rodriguez97@gmail.com,Barranquilla,2024-06-16,True
641,73520512,Sofia,Lopez,3424527340,sofia.lopez70@gmail.com,Bogota,2023-08-06,True
642,67386204,Pedro,Martinez,3710985028,pedro.martinez70@gmail.com,Medellin,2021-01-20,True
643,86100664,Jorge,Hernandez,3736181258,jorge.hernandez17@gmail.com,Barranquilla,2025-04-01,True
644,75393250,Carlos,Hernandez,3412298545,carlos.hernandez48@gmail.com,Cali,2022-05-08,True
645,84189442,Maria,Rodriguez,3101361167,maria.rodriguez37@gmail.com,Medellin,2023-01-27,True
646,92281633,Carlos,Rodriguez,3623754281,carlos.rodriguez91@gmail.com,Bogota,2020-03-28,True
647,20950094,Juan,Perez,3365726540,juan.perez35@gmail.com,Cali,2025-04-18,True
648,53881549,Luisa,Lopez,3294403438,luisa.lopez93@gmail.com,Barranquilla,2022-04-15,True
649,47733024,Juan,Perez,3962829169,juan.perez41@gmail.com,Barranquilla,2024-09-07,True
650,69851722,Carlos,Lopez,3961901027,carlos.lopez92@gmail.com,Cali,2022-11-14,True
651,15472614,Luisa,Gomez,3944305033,luisa.gomez32@gmail.com,Bogota,2023-10-05,True
652,82802431,Ana,Gomez,3229024685,ana.gomez85@gmail.com,Cartagena,2020-11-05,True
653,97663961,Sofia,Gomez,3810162072,sofia.gomez16@gmail.com,Bogota,2024-07-01,True
654,47626894,Pedro,Perez,3147102198,pedro.perez38@gmail.com,Medellin,2025-05-12,True
655,42801331,Jorge,Gomez,3187544846,jorge.gomez49@gmail.com,Cartagena,2024-02-02,True
656,17000753,Carlos,Hernandez,3663098375,carlos.hernandez50@gmail.com,Barranquilla,2022-03-08,True
657,57679182,Luisa,Gomez,3386121088,luisa.gomez82@gmail.com,Cartagena,2021-01-26,True
658,31086066,Sofia,Lopez,3824892574,sofia.lopez6@gmail.com,Bogota,2020-02-24,True
659,16045225,Sofia,Perez,3623450197,sofia.perez69@gmail.com,Cali,2022-10-16,True
660,90440852,Sofia,Perez,3892687587,sofia.perez55@gmail.com,Barranquilla,2023-07-09,True
661,18191855,Pedro,Perez,3876532632,pedro.perez3@gmail.com,Bogota,2025-06-02,True
662,81085132,Juan,Martinez,3925748262,juan.martinez47@gmail.com,Medellin,2024-02-18,True
663,44584157,Sofia,Lopez,3767234813,sofia.lopez41@gmail.com,Barranquilla,2020-06-17,True
664,48168734,Maria,Martinez,3675964412,maria.martinez9@gmail.com,Cali,2022-01-07,True
665,19655313,Maria,Gomez,3773255607,maria.gomez16@gmail.com,Barranquilla,2024-02-17,True
666,45203620,Sofia,Rodriguez,3479000410,sofia.rodriguez31@gmail.com,Barranquilla,2021-07-22,True
667,66304149,Pedro,Hernandez,3476777137,pedro.hernandez9@gmail.com,Cali,2022-12-07,True
668,27578909,Carlos,Gomez,3899973228,carlos.gomez88@gmail.com,Cartagena,2020-08-13,True
669,16823135,Maria,Hernandez,3266957735,maria.hernandez12@gmail.com,Medellin,2025-03-15,True
670,40549552,Jorge,Rodriguez,3373043879,jorge.rodriguez86@gmail.com,Cartagena,2022-02-10,True
671,22655784,Jorge,Lopez,3497750382,jorge.lopez28@gmail.com,Cartagena,2020-03-05,True
672,66836814,Jorge,Rodriguez,3666541160,jorge.rodriguez32@gmail.com,Medellin,2025-03-16,True
673,46039769,Maria,Gomez,3140329334,maria.gomez37@gmail.com,Bogota,2021-08-03,True
674,50086007,Jorge,Hernandez,3319568090,jorge.hernandez74@gmail.com,Cali,2023-02-06,True
675,81595834,Ana,Lopez,3268977293,ana.lopez72@gmail.com,Cali,2024-10-18,True
676,31168293,Ana,Gomez,3729956996,ana.gomez47@gmail.com,Cartagena,2022-10-06,True
677,41639043,Jorge,Rodriguez,3358146415,jorge.rodriguez29@gmail.com,Medellin,2020-01-16,True
678,65592935,Luisa,Rodriguez,3328984180,luisa.rodriguez14@gmail.com,Cartagena,2024-09-23,True
679,78384991,Juan,Gomez,3823942701,juan.gomez3@gmail.com,Cartagena,2023-02-16,True
680,55123424,Maria,Hernandez,3955444736,maria.hernandez15@gmail.com,Cali,2024-01-27,True
681,60857500,Maria,Gomez,3416940362,maria.gomez47@gmail.com,Cali,2021-08-22,True
682,25261652,Sofia,Rodriguez,3420486281,sofia.rodriguez15@gmail.com,Bogota,2021-04-29,True
683,37583862,Luisa,Martinez,3527113728,luisa.martinez47@gmail.com,Medellin,2020-06-28,True
684,15711813,Ana,Perez,3398734256,ana.perez37@gmail.com,Cartagena,2022-05-20,True
685,40935358,Ana,Lopez,3353691198,ana.lopez92@gmail.com,Cartagena,2024-07-18,True
686,30533499,Sofia,Hernandez,3738476344,sofia.hernandez63@gmail.com,Barranquilla,2021-03-08,True
687,68060219,Carlos,Martinez,3198890649,carlos.martinez95@gmail.com,Barranquilla,2024-04-15,True
688,83753282,Sofia,Rodriguez,3113799525,sofia.rodriguez29@gmail.com,Bogota,2020-09-07,True
689,44074787,Maria,Perez,3867345062,maria.perez65@gmail.com,Barranquilla,2022-08-05,True
690,36815404,Maria,Rodriguez,3957572356,maria.rodriguez89@gmail.com,Medellin,2024-02-06,True
691,97958383,Carlos,Gomez,3540498695,carlos.gomez7@gmail.com,Bogota,2020-03-18,True
692,35563170,Carlos,Martinez,3213372319,carlos.martinez82@gmail.com,Cali,2024-03-28,True
693,24078387,Juan,Rodriguez,3446972708,juan.rodriguez6@gmail.com,Medellin,2024-02-02,True
694,29409512,Pedro,Hernandez,3736900485,pedro.hernandez7@gmail.com,Bogota,2022-07-15,True
695,93043196,Maria,Lopez,3866727830,maria.lopez60@gmail.com,Bogota,2022-11-30,True
696,86410465,Luisa,Martinez,3526896205,luisa.martinez92@gmail.com,Cali,2021-03-14,True
697,29909720,Sofia,Rodriguez,3652776555,sofia.rodriguez14@gmail.com,Barranquilla,2022-09-23,True
698,69261113,Luisa,Martinez,3909144631,luisa.martinez36@gmail.com,Bogota,2024-05-21,True
699,29433247,Juan,Gomez,3451083245,juan.gomez57@gmail.com,Bogota,2021-02-12,True
700,18560241,Carlos,Hernandez,3136804638,carlos.hernandez72@gmail.com,Medellin,2021-09-18,True
701,21130883,Carlos,Martinez,3690773419,carlos.martinez65@gmail.com,Cartagena,2023-10-28,True
702,29820794,Juan,Gomez,3275092586,juan.gomez67@gmail.com,Cali,2021-05-07,True
703,73469988,Ana,Perez,3204379072,ana.perez51@gmail.com,Bogota,2020-04-25,True
704,34802695,Sofia,Martinez,3626693710,sofia.martinez76@gmail.com,Medellin,2023-04-09,True
705,24590075,Carlos,Gomez,3126492378,carlos.gomez14@gmail.com,Barranquilla,2021-07-29,True
706,33133363,Carlos,Hernandez,3883597837,carlos.hernandez65@gmail.com,Cali,2022-09-08,True
707,29098586,Maria,Lopez,3772885599,maria.lopez38@gmail.com,Barranquilla,2022-11-28,True
708,23894016,Luisa,Lopez,3224939769,luisa.lopez86@gmail.com,Medellin,2024-07-27,True
709,37526839,Jorge,Hernandez,3153078198,jorge.hernandez91@gmail.com,Medellin,2021-08-16,True
710,26556589,Pedro,Lopez,3891210018,pedro.lopez92@gmail.com,Medellin,2020-07-01,True
711,89845495,Luisa,Lopez,3951680682,luisa.lopez92@gmail.com,Bogota,2020-06-16,True
712,28817849,Sofia,Martinez,3446602502,sofia.martinez50@gmail.com,Bogota,2022-06-21,True
713,44425821,Sofia,Martinez,3816559028,sofia.martinez52@gmail.com,Cali,2021-02-15,True
714,47016236,Maria,Perez,3928120117,maria.perez78@gmail.com,Medellin,2024-03-05,True
715,36895066,Luisa,Rodriguez,3728178261,luisa.rodriguez57@gmail.com,Cali,2024-11-06,True
716,57604412,Jorge,Gomez,3248427407,jorge.gomez99@gmail.com,Bogota,2020-10-03,True
717,77527426,Jorge,Rodriguez,3230568565,jorge.rodriguez93@gmail.com,Medellin,2021-07-17,True
718,17102217,Pedro,Gomez,3346235933,pedro.gomez91@gmail.com,Cartagena,2025-05-28,True
719,75624334,Carlos,Perez,3196848814,carlos.perez81@gmail.com,Medellin,2021-07-15,True
720,13330905,Pedro,Martinez,3881227965,pedro.martinez38@gmail.com,Barranquilla,2024-04-26,True
721,21987518,Sofia,Lopez,3167003839,sofia.lopez81@gmail.com,Cali,2021-08-31,True
722,34738988,Ana,Hernandez,3366514263,ana.hernandez29@gmail.com,Cali,2024-11-05,True
723,15013584,Pedro,Gomez,3166426445,pedro.gomez9@gmail.com,Bogota,2020-02-27,True
724,88502865,Juan,Hernandez,3648685263,juan.hernandez8@gmail.com,Barranquilla,2020-09-16,True
725,66855729,Maria,Martinez,3857352595,maria.martinez25@gmail.com,Barranquilla,2024-07-14,True
726,29768530,Pedro,Gomez,3949579256,pedro.gomez32@gmail.com,Cartagena,2024-08-20,True
727,54065478,Jorge,Lopez,3162656193,jorge.lopez88@gmail.com,Medellin,2021-05-14,True
728,67308567,Ana,Lopez,3785041562,ana.lopez94@gmail.com,Medellin,2021-05-20,True
729,30346792,Pedro,Perez,3139828438,pedro.perez20@gmail.com,Medellin,2024-11-18,True
730,26142469,Sofia,Perez,3160359683,sofia.perez16@gmail.com,Cali,2021-11-20,True
731,99094093,Pedro,Perez,3486025709,pedro.perez48@gmail.com,Cartagena,2023-08-18,True
732,47960196,Juan,Hernandez,3996634705,juan.hernandez20@gmail.com,Barranquilla,2022-10-11,True
733,22606543,Sofia,Lopez,3515419144,sofia.lopez14@gmail.com,Bogota,2021-12-17,True
734,28444178,Juan,Martinez,3374099122,juan.martinez67@gmail.com,Barranquilla,2021-01-09,True
735,95303272,Jorge,Lopez,3797795631,jorge.lopez28@gmail.com,Medellin,2023-07-27,True
736,52123013,Pedro,Perez,3718749047,pedro.perez91@gmail.com,Medellin,2024-09-10,True
737,18819809,Carlos,Rodriguez,3240274927,carlos.rodriguez72@gmail.com,Cartagena,2021-12-26,True
738,51087727,Ana,Rodriguez,3149307007,ana.rodriguez5@gmail.com,Cartagena,2024-02-26,True
739,46940458,Luisa,Rodriguez,3123583726,luisa.rodriguez58@gmail.com,Cali,2022-10-10,True
740,86505366,Juan,Rodriguez,3795164811,juan.rodriguez31@gmail.com,Barranquilla,2023-01-03,True
741,27290083,Sofia,Hernandez,3252178058,sofia.hernandez90@gmail.com,Cali,2024-01-02,True
742,65617124,Sofia,Martinez,3567874749,sofia.martinez10@gmail.com,Cartagena,2020-05-29,True
743,88027833,Luisa,Hernandez,3603193755,luisa.hernandez86@gmail.com,Medellin,2023-02-28,True
744,53246281,Sofia,Hernandez,3441445615,sofia.hernandez22@gmail.com,Cartagena,2024-05-07,True
745,23545017,Carlos,Rodriguez,3534814985,carlos.rodriguez77@gmail.com,Bogota,2023-05-05,True
746,29655896,Sofia,Rodriguez,3105426502,sofia.rodriguez1@gmail.com,Bogota,2020-05-13,True
747,93377373,Pedro,Martinez,3469959476,pedro.martinez49@gmail.com,Bogota,2021-10-19,True
748,22373714,Sofia,Perez,3251608746,sofia.perez6@gmail.com,Medellin,2021-01-11,True
749,23714645,Carlos,Gomez,3925285675,carlos.gomez89@gmail.com,Cali,2020-01-19,True
750,19652225,Maria,Hernandez,3498224214,maria.hernandez1@gmail.com,Cartagena,2020-06-23,True
751,29015472,Ana,Martinez,3629176779,ana.martinez54@gmail.com,Cali,2022-07-31,True
752,77967857,Ana,Rodriguez,3606571169,ana.rodriguez2@gmail.com,Medellin,2023-10-01,True
753,15636219,Pedro,Perez,3748027310,pedro.perez59@gmail.com,Cali,2020-05-25,True
754,55052620,Juan,Hernandez,3430046681,juan.hernandez73@gmail.com,Bogota,2022-06-02,True
755,65705562,Ana,Martinez,3139847635,ana.martinez37@gmail.com,Bogota,2021-01-31,True
756,78639116,Maria,Rodriguez,3473639402,maria.rodriguez69@gmail.com,Cali,2022-05-29,True
757,94583606,Jorge,Perez,3534910966,jorge.perez62@gmail.com,Cali,2025-02-17,True
758,81538777,Luisa,Gomez,3965105743,luisa.gomez42@gmail.com,Cartagena,2020-11-16,True
759,87046659,Sofia,Hernandez,3134516216,sofia.hernandez72@gmail.com,Barranquilla,2022-08-22,True
760,35306848,Juan,Perez,3457116610,juan.perez11@gmail.com,Barranquilla,2021-12-10,True
761,81223950,Luisa,Rodriguez,3378234167,luisa.rodriguez19@gmail.com,Barranquilla,2022-12-25,True
762,13454023,Pedro,Gomez,3752422831,pedro.gomez31@gmail.com,Medellin,2024-06-29,True
763,75927329,Sofia,Rodriguez,3621499637,sofia.rodriguez84@gmail.com,Bogota,2022-12-03,True
764,27878567,Jorge,Hernandez,3932688615,jorge.hernandez91@gmail.com,Bogota,2022-10-27,True
765,43853806,Sofia,Martinez,3989718060,sofia.martinez60@gmail.com,Cartagena,2022-07-01,True
766,80217031,Sofia,Gomez,3810125064,sofia.gomez95@gmail.com,Cartagena,2020-06-25,True
767,64418804,Carlos,Rodriguez,3553113104,carlos.rodriguez65@gmail.com,Bogota,2023-11-28,True
768,35199829,Carlos,Lopez,3194639660,carlos.lopez61@gmail.com,Medellin,2022-08-10,True
769,99139215,Sofia,Lopez,3332587665,sofia.lopez19@gmail.com,Cartagena,2020-04-06,True
770,53794502,Sofia,Rodriguez,3446465530,sofia.rodriguez20@gmail.com,Bogota,2020-02-03,True
771,16418809,Pedro,Hernandez,3808816620,pedro.hernandez14@gmail.com,Cartagena,2023-06-16,True
772,29484153,Luisa,Hernandez,3769074278,luisa.hernandez87@gmail.com,Bogota,2022-04-08,True
773,92772853,Carlos,Gomez,3763615261,carlos.gomez22@gmail.com,Barranquilla,2024-04-30,True
774,81969601,Jorge,Martinez,3828104387,jorge.martinez78@gmail.com,Bogota,2020-04-29,True
775,67076490,Sofia,Rodriguez,3464389386,sofia.rodriguez2@gmail.com,Cartagena,2023-02-24,True
776,11649887,Sofia,Lopez,3330049965,sofia.lopez86@gmail.com,Bogota,2025-04-22,True
777,88418201,Luisa,Hernandez,3780018099,luisa.hernandez26@gmail.com,Cartagena,2022-10-04,True
778,97891119,Juan,Perez,3784950808,juan.perez28@gmail.com,Cali,2021-10-14,True
779,77869987,Ana,Gomez,3516092816,ana.gomez46@gmail.com,Cartagena,2025-06-04,True
780,55993649,Ana,Rodriguez,3130020916,ana.rodriguez48@gmail.com,Cali,2024-05-09,True
781,96626170,Sofia,Perez,3404406960,sofia.perez34@gmail.com,Medellin,2023-02-08,True
782,21557974,Ana,Gomez,3636375343,ana.gomez54@gmail.com,Medellin,2021-07-31,True
783,60668320,Sofia,Lopez,3104788042,sofia.lopez32@gmail.com,Bogota,2025-03-04,True
784,93087396,Sofia,Lopez,3650947303,sofia.lopez70@gmail.com,Bogota,2022-12-17,True
785,80568522,Luisa,Rodriguez,3349071396,luisa.rodriguez97@gmail.com,Barranquilla,2023-01-14,True
786,31428376,Carlos,Hernandez,3447830026,carlos.hernandez15@gmail.com,Cali,2020-05-16,True
787,85602216,Pedro,Martinez,3705996354,pedro.martinez59@gmail.com,Bogota,2024-07-12,True
788,44480267,Luisa,Lopez,3929561254,luisa.lopez2@gmail.com,Medellin,2020-03-23,True
789,75841409,Sofia,Perez,3563866658,sofia.perez77@gmail.com,Barranquilla,2020-07-24,True
790,66071414,Maria,Rodriguez,3807210493,maria.rodriguez54@gmail.com,Barranquilla,2020-04-16,True
791,82595358,Carlos,Hernandez,3173433918,carlos.hernandez82@gmail.com,Bogota,2024-06-15,True
792,56677843,Juan,Rodriguez,3462015743,juan.rodriguez58@gmail.com,Cartagena,2020-09-15,True
793,61384332,Pedro,Rodriguez,3229457914,pedro.rodriguez71@gmail.com,Cartagena,2024-11-01,True
794,67669271,Pedro,Rodriguez,3708621520,pedro.rodriguez10@gmail.com,Cartagena,2023-03-08,True
795,90004982,Pedro,Rodriguez,3520402234,pedro.rodriguez53@gmail.com,Cartagena,2023-11-27,True
796,86087571,Juan,Rodriguez,3262554831,juan.rodriguez67@gmail.com,Medellin,2022-05-23,True
797,89770410,Jorge,Lopez,3569369162,jorge.lopez69@gmail.com,Medellin,2024-07-31,True
798,13413625,Sofia,Lopez,3911977911,sofia.lopez29@gmail.com,Cali,2024-11-26,True
799,24302319,Juan,Lopez,3677218818,juan.lopez38@gmail.com,Cartagena,2024-03-19,True
800,29735846,Carlos,Hernandez,3768755758,carlos.hernandez4@gmail.com,Medellin,2022-08-07,True
801,13384133,Juan,Lopez,3366901579,juan.lopez4@gmail.com,Medellin,2023-03-27,True
802,25818986,Jorge,Lopez,3831142642,jorge.lopez31@gmail.com,Bogota,2022-10-05,True
803,80618665,Juan,Perez,3762040319,juan.perez8@gmail.com,Cartagena,2025-01-12,True
804,71392736,Juan,Rodriguez,3203821706,juan.rodriguez64@gmail.com,Cali,2021-12-02,True
805,47170186,Sofia,Perez,3146678665,sofia.perez95@gmail.com,Bogota,2021-07-17,True
806,35460258,Maria,Hernandez,3243880628,maria.hernandez87@gmail.com,Bogota,2021-04-18,True
807,43576973,Jorge,Hernandez,3314633293,jorge.hernandez24@gmail.com,Bogota,2021-04-25,True
808,71070522,Carlos,Gomez,3330370030,carlos.gomez43@gmail.com,Barranquilla,2020-06-25,True
809,67418313,Juan,Hernandez,3361167571,juan.hernandez26@gmail.com,Medellin,2023-04-08,True
810,96104163,Carlos,Gomez,3920044331,carlos.gomez62@gmail.com,Cali,2020-04-20,True
811,45023873,Juan,Perez,3675614398,juan.perez87@gmail.com,Bogota,2023-08-10,True
812,83819187,Juan,Martinez,3853736501,juan.martinez93@gmail.com,Barranquilla,2021-01-09,True
813,86120165,Juan,Gomez,3767163051,juan.gomez67@gmail.com,Barranquilla,2025-05-08,True
814,81564035,Maria,Hernandez,3548136149,maria.hernandez41@gmail.com,Barranquilla,2023-06-06,True
815,83241549,Luisa,Martinez,3455150830,luisa.martinez27@gmail.com,Cartagena,2021-05-23,True
816,24978364,Pedro,Gomez,3860321658,pedro.gomez40@gmail.com,Barranquilla,2020-04-18,True
817,87346147,Pedro,Lopez,3677750718,pedro.lopez56@gmail.com,Bogota,2024-06-03,True
818,77664005,Pedro,Martinez,3366032027,pedro.martinez18@gmail.com,Barranquilla,2023-11-14,True
819,52383678,Jorge,Rodriguez,3897542977,jorge.rodriguez78@gmail.com,Cali,2020-11-11,True
820,96200582,Ana,Perez,3474071835,ana.perez96@gmail.com,Barranquilla,2021-04-24,True
821,14828224,Luisa,Gomez,3621665788,luisa.gomez66@gmail.com,Cali,2021-01-05,True
822,78140918,Sofia,Lopez,3328166936,sofia.lopez44@gmail.com,Cali,2025-02-01,True
823,54202966,Juan,Lopez,3314034306,juan.lopez3@gmail.com,Barranquilla,2022-05-21,True
824,47045908,Sofia,Hernandez,3814180099,sofia.hernandez58@gmail.com,Medellin,2023-10-20,True
825,36884317,Pedro,Perez,3830446159,pedro.perez81@gmail.com,Cartagena,2023-06-27,True
826,54139325,Maria,Hernandez,3532196112,maria.hernandez45@gmail.com,Cartagena,2022-12-29,True
827,58580148,Carlos,Gomez,3831695648,carlos.gomez77@gmail.com,Cartagena,2021-05-09,True
828,60095624,Carlos,Gomez,3531183108,carlos.gomez78@gmail.com,Cartagena,2024-09-01,True
829,91423028,Luisa,Hernandez,3291441539,luisa.hernandez84@gmail.com,Bogota,2023-11-03,True
830,69536506,Maria,Perez,3743358278,maria.perez71@gmail.com,Medellin,2024-07-09,True
831,40315914,Carlos,Rodriguez,3337305349,carlos.rodriguez75@gmail.com,Barranquilla,2021-08-14,True
832,26831631,Pedro,Rodriguez,3517172507,pedro.rodriguez14@gmail.com,Barranquilla,2024-08-28,True
833,42048948,Pedro,Gomez,3809789778,pedro.gomez50@gmail.com,Medellin,2022-04-28,True
834,87820051,Sofia,Perez,3479575671,sofia.perez42@gmail.com,Cali,2025-06-20,True
835,18121836,Sofia,Gomez,3578599736,sofia.gomez24@gmail.com,Barranquilla,2020-06-10,True
836,40726074,Sofia,Rodriguez,3747084558,sofia.rodriguez79@gmail.com,Cartagena,2025-05-07,True
837,44849481,Sofia,Lopez,3482804457,sofia.lopez32@gmail.com,Cali,2023-04-02,True
838,83711107,Carlos,Gomez,3759147027,carlos.gomez56@gmail.com,Cartagena,2021-01-20,True
839,41276788,Juan,Lopez,3274211980,juan.lopez79@gmail.com,Medellin,2022-12-31,True
840,92439275,Carlos,Rodriguez,3542526329,carlos.rodriguez8@gmail.com,Barranquilla,2024-10-10,True
841,45379700,Luisa,Martinez,3473114688,luisa.martinez75@gmail.com,Cali,2020-03-22,True
842,43576738,Juan,Rodriguez,3845930886,juan.rodriguez7@gmail.com,Bogota,2023-09-14,True
843,74911030,Sofia,Hernandez,3839246754,sofia.hernandez75@gmail.com,Bogota,2024-06-23,True
844,49332028,Maria,Martinez,3333874996,maria.martinez89@gmail.com,Cali,2023-01-29,True
845,14941014,Luisa,Gomez,3372975669,luisa.gomez50@gmail.com,Barranquilla,2025-04-22,True
846,97008254,Maria,Gomez,3470891821,maria.gomez61@gmail.com,Cali,2020-07-19,True
847,69930407,Ana,Rodriguez,3130650538,ana.rodriguez4@gmail.com,Barranquilla,2025-02-24,True
848,72627404,Carlos,Perez,3504921855,carlos.perez5@gmail.com,Cartagena,2022-02-27,True
849,20065864,Maria,Gomez,3542766748,maria.gomez6@gmail.com,Bogota,2021-03-27,True
850,63545126,Ana,Gomez,3799343352,ana.gomez94@gmail.com,Cali,2023-03-01,True
851,40694385,Maria,Gomez,3336207143,maria.gomez86@gmail.com,Medellin,2024-07-11,True
852,45461772,Ana,Perez,3242206147,ana.perez63@gmail.com,Medellin,2025-01-15,True
853,94138106,Ana,Hernandez,3896154440,ana.hernandez34@gmail.com,Barranquilla,2024-11-04,True
854,72192566,Ana,Martinez,3364213834,ana.martinez74@gmail.com,Cali,2021-09-21,True
855,96158483,Carlos,Lopez,3633570827,carlos.lopez47@gmail.com,Barranquilla,2025-02-15,True
856,72591045,Luisa,Lopez,3876723067,luisa.lopez74@gmail.com,Bogota,2020-07-02,True
857,96450990,Juan,Martinez,3259129762,juan.martinez4@gmail.com,Cali,2023-12-11,True
858,80475980,Pedro,Martinez,3433293852,pedro.martinez24@gmail.com,Bogota,2024-01-31,True
859,79771481,Pedro,Martinez,3532858411,pedro.martinez68@gmail.com,Bogota,2020-04-26,True
860,15244157,Maria,Perez,3335735725,maria.perez87@gmail.com,Bogota,2022-05-21,True
861,16252806,Carlos,Hernandez,3543527751,carlos.hernandez90@gmail.com,Cali,2024-01-10,True
862,65743316,Maria,Gomez,3462092787,maria.gomez50@gmail.com,Bogota,2020-08-27,True
863,93789361,Pedro,Gomez,3989311320,pedro.gomez84@gmail.com,Bogota,2020-01-15,True
864,34450810,Pedro,Gomez,3880013149,pedro.gomez99@gmail.com,Cartagena,2021-05-10,True
865,90009612,Sofia,Hernandez,3152780081,sofia.hernandez13@gmail.com,Medellin,2022-02-14,True
866,17569910,Maria,Perez,3157943935,maria.perez47@gmail.com,Bogota,2022-09-22,True
867,69486142,Jorge,Lopez,3667041688,jorge.lopez22@gmail.com,Cali,2023-02-02,True
868,92419262,Ana,Hernandez,3665675421,ana.hernandez34@gmail.com,Cali,2025-06-08,True
869,56173992,Luisa,Lopez,3444391585,luisa.lopez99@gmail.com,Medellin,2024-03-21,True
870,43603690,Maria,Gomez,3877720892,maria.gomez94@gmail.com,Bogota,2023-12-23,True
871,69029504,Sofia,Perez,3610495323,sofia.perez23@gmail.com,Bogota,2020-11-02,True
872,72136289,Juan,Martinez,3264062387,juan.martinez29@gmail.com,Medellin,2020-10-31,True
873,95795086,Maria,Rodriguez,3587187476,maria.rodriguez16@gmail.com,Cali,2021-06-03,True
874,54971226,Carlos,Rodriguez,3903640481,carlos.rodriguez17@gmail.com,Barranquilla,2023-10-19,True
875,79507225,Jorge,Perez,3491064457,jorge.perez33@gmail.com,Cali,2024-08-14,True
876,89145258,Luisa,Rodriguez,3240007406,luisa.rodriguez22@gmail.com,Bogota,2023-10-05,True
877,24237311,Luisa,Perez,3591236008,luisa.perez64@gmail.com,Bogota,2023-01-14,True
878,86771958,Juan,Rodriguez,3641892832,juan.rodriguez28@gmail.com,Medellin,2020-07-18,True
879,52184355,Pedro,Perez,3738894230,pedro.perez23@gmail.com,Bogota,2020-12-29,True
880,58325368,Sofia,Rodriguez,3821802387,sofia.rodriguez73@gmail.com,Barranquilla,2023-02-02,True
881,33600391,Maria,Martinez,3617853164,maria.martinez93@gmail.com,Cartagena,2023-10-01,True
882,67916499,Pedro,Gomez,3984084173,pedro.gomez17@gmail.com,Cartagena,2023-09-20,True
883,29821007,Juan,Rodriguez,3958564399,juan.rodriguez19@gmail.com,Bogota,2020-03-23,True
884,43496102,Pedro,Martinez,3137609657,pedro.martinez86@gmail.com,Bogota,2025-04-24,True
885,55130232,Sofia,Lopez,3279026267,sofia.lopez21@gmail.com,Barranquilla,2023-06-13,True
886,38256133,Ana,Lopez,3374192343,ana.lopez3@gmail.com,Medellin,2020-08-07,True
887,11030447,Jorge,Rodriguez,3603037674,jorge.rodriguez66@gmail.com,Cali,2024-03-27,True
888,99436290,Jorge,Gomez,3113476930,jorge.gomez64@gmail.com,Medellin,2022-03-07,True
889,73656543,Maria,Rodriguez,3358748085,maria.rodriguez60@gmail.com,Cali,2021-11-14,True
890,71223046,Ana,Hernandez,3694951741,ana.hernandez40@gmail.com,Cali,2020-10-05,True
891,28433644,Ana,Perez,3235685326,ana.perez32@gmail.com,Bogota,2021-01-18,True
892,42743277,Sofia,Gomez,3692196345,sofia.gomez89@gmail.com,Medellin,2022-02-04,True
893,11628746,Juan,Lopez,3519439959,juan.lopez75@gmail.com,Cartagena,2020-03-26,True
894,23065980,Luisa,Perez,3267451195,luisa.perez84@gmail.com,Bogota,2025-04-17,True
895,45292805,Carlos,Perez,3979742602,carlos.perez83@gmail.com,Cartagena,2025-02-16,True
896,66984387,Ana,Perez,3536822897,ana.perez91@gmail.com,Cartagena,2022-03-22,True
897,24489870,Ana,Rodriguez,3217219522,ana.rodriguez52@gmail.com,Bogota,2024-11-02,True
898,16872276,Juan,Perez,3746698577,juan.perez57@gmail.com,Cartagena,2020-06-25,True
899,77341170,Pedro,Rodriguez,3739746478,pedro.rodriguez29@gmail.com,Cali,2023-09-17,True
900,22416914,Ana,Hernandez,3955625597,ana.hernandez18@gmail.com,Barranquilla,2021-04-08,True
901,29768097,Ana,Lopez,3392085880,ana.lopez38@gmail.com,Cali,2021-06-30,True
902,30421238,Carlos,Perez,3260404958,carlos.perez32@gmail.com,Barranquilla,2021-10-24,True
903,55535387,Jorge,Hernandez,3836701944,jorge.hernandez33@gmail.com,Medellin,2021-03-24,True
904,94758177,Carlos,Hernandez,3155336713,carlos.hernandez82@gmail.com,Cali,2020-11-05,True
905,33535113,Sofia,Rodriguez,3760789181,sofia.rodriguez12@gmail.com,Bogota,2025-05-19,True
906,27558690,Carlos,Gomez,3366336514,carlos.gomez61@gmail.com,Cartagena,2023-11-27,True
907,35582039,Jorge,Gomez,3928317301,jorge.gomez5@gmail.com,Barranquilla,2020-03-19,True
908,95629199,Pedro,Perez,3144354111,pedro.perez41@gmail.com,Medellin,2022-10-20,True
909,59901017,Carlos,Lopez,3378984226,carlos.lopez42@gmail.com,Medellin,2023-08-30,True
910,30895222,Carlos,Lopez,3678004741,carlos.lopez86@gmail.com,Cali,2024-08-30,True
911,93767083,Juan,Gomez,3850779261,juan.gomez92@gmail.com,Cali,2025-05-14,True
912,67223001,Sofia,Martinez,3688136305,sofia.martinez29@gmail.com,Barranquilla,2021-05-27,True
913,22860211,Ana,Perez,3192244310,ana.perez22@gmail.com,Medellin,2022-06-07,True
914,83795958,Maria,Perez,3458978894,maria.perez17@gmail.com,Bogota,2020-11-17,True
915,47188642,Juan,Rodriguez,3364078879,juan.rodriguez24@gmail.com,Bogota,2022-01-06,True
916,84938597,Jorge,Rodriguez,3500450809,jorge.rodriguez77@gmail.com,Cartagena,2020-10-24,True
917,28364215,Sofia,Martinez,3193073196,sofia.martinez81@gmail.com,Cartagena,2025-03-02,True
918,75775957,Carlos,Hernandez,3566979605,carlos.hernandez18@gmail.com,Bogota,2020-07-17,True
919,75903182,Carlos,Perez,3439236547,carlos.perez85@gmail.com,Medellin,2021-08-10,True
920,35395698,Sofia,Martinez,3619523081,sofia.martinez80@gmail.com,Barranquilla,2020-11-10,True
921,66939340,Luisa,Hernandez,3947117124,luisa.hernandez58@gmail.com,Bogota,2020-06-07,True
922,98096767,Pedro,Lopez,3325158720,pedro.lopez92@gmail.com,Bogota,2023-08-09,True
923,39923108,Sofia,Perez,3508870217,sofia.perez12@gmail.com,Cali,2023-04-11,True
924,21972741,Maria,Lopez,3380608770,maria.lopez47@gmail.com,Cali,2024-11-29,True
925,21141152,Carlos,Hernandez,3550680617,carlos.hernandez21@gmail.com,Bogota,2025-02-19,True
926,32586140,Jorge,Lopez,3123862201,jorge.lopez52@gmail.com,Bogota,2022-01-10,True
927,75534587,Juan,Martinez,3347651885,juan.martinez98@gmail.com,Cali,2023-08-28,True
928,85228317,Pedro,Perez,3549479376,pedro.perez36@gmail.com,Cartagena,2023-04-28,True
929,68249254,Sofia,Martinez,3600357337,sofia.martinez11@gmail.com,Cartagena,2023-09-09,True
930,28710003,Juan,Martinez,3293006936,juan.martinez21@gmail.com,Bogota,2021-05-18,True
931,17592482,Maria,Hernandez,3378808533,maria.hernandez40@gmail.com,Cali,2025-04-08,True
932,25323887,Luisa,Hernandez,3452725961,luisa.hernandez18@gmail.com,Bogota,2022-09-25,True
933,48664815,Jorge,Perez,3257328741,jorge.perez19@gmail.com,Medellin,2021-08-05,True
934,70749429,Maria,Hernandez,3828007853,maria.hernandez19@gmail.com,Bogota,2024-02-04,True
935,53481663,Sofia,Lopez,3455301011,sofia.lopez87@gmail.com,Cartagena,2021-03-10,True
936,14398331,Carlos,Lopez,3693420050,carlos.lopez44@gmail.com,Cartagena,2020-04-29,True
937,43843048,Luisa,Gomez,3851147603,luisa.gomez37@gmail.com,Cartagena,2021-09-12,True
938,36959619,Juan,Hernandez,3456845394,juan.hernandez98@gmail.com,Barranquilla,2021-12-26,True
939,26750623,Ana,Hernandez,3891264284,ana.hernandez3@gmail.com,Barranquilla,2022-08-06,True
940,51483432,Sofia,Martinez,3855328379,sofia.martinez30@gmail.com,Barranquilla,2022-08-29,True
941,74393003,Luisa,Perez,3960689504,luisa.perez89@gmail.com,Medellin,2021-03-01,True
942,47516974,Jorge,Rodriguez,3224055151,jorge.rodriguez61@gmail.com,Medellin,2024-08-04,True
943,79386323,Luisa,Rodriguez,3171752763,luisa.rodriguez12@gmail.com,Cali,2020-08-27,True
944,46405122,Carlos,Martinez,3119760608,carlos.martinez92@gmail.com,Medellin,2022-05-29,True
945,32023980,Pedro,Perez,3318376158,pedro.perez37@gmail.com,Medellin,2021-10-22,True
946,73365468,Jorge,Martinez,3787734049,jorge.martinez44@gmail.com,Medellin,2024-03-16,True
947,83298924,Maria,Lopez,3922389452,maria.lopez97@gmail.com,Medellin,2020-08-08,True
948,63362803,Jorge,Hernandez,3437133576,jorge.hernandez59@gmail.com,Cali,2025-03-23,True
949,77932629,Carlos,Martinez,3516848189,carlos.martinez77@gmail.com,Medellin,2023-07-31,True
950,40511735,Carlos,Martinez,3866607936,carlos.martinez14@gmail.com,Cali,2025-06-11,True
951,28158189,Luisa,Martinez,3660465112,luisa.martinez24@gmail.com,Medellin,2025-05-16,True
952,44903028,Juan,Lopez,3384964644,juan.lopez79@gmail.com,Bogota,2020-09-13,True
953,78279314,Juan,Lopez,3784410569,juan.lopez51@gmail.com,Cali,2025-06-19,True
954,12929005,Pedro,Lopez,3323234146,pedro.lopez88@gmail.com,Medellin,2022-08-23,True
955,75709465,Maria,Martinez,3239639570,maria.martinez17@gmail.com,Cali,2020-09-01,True
956,14816001,Carlos,Perez,3288118272,carlos.perez47@gmail.com,Barranquilla,2023-08-13,True
957,98037033,Sofia,Rodriguez,3442432056,sofia.rodriguez28@gmail.com,Bogota,2024-09-01,True
958,63728507,Maria,Perez,3102358209,maria.perez10@gmail.com,Cartagena,2022-05-08,True
959,85815209,Pedro,Gomez,3848448563,pedro.gomez40@gmail.com,Barranquilla,2020-02-25,True
960,46425214,Jorge,Rodriguez,3253181349,jorge.rodriguez34@gmail.com,Cali,2020-03-21,True
961,59578637,Jorge,Perez,3686989789,jorge.perez99@gmail.com,Barranquilla,2025-01-30,True
962,74969102,Maria,Hernandez,3710798657,maria.hernandez35@gmail.com,Medellin,2021-11-27,True
963,37380041,Jorge,Rodriguez,3713167183,jorge.rodriguez64@gmail.com,Medellin,2023-03-29,True
964,32209626,Maria,Lopez,3650740117,maria.lopez61@gmail.com,Cali,2024-08-27,True
965,48116210,Carlos,Perez,3374264668,carlos.perez13@gmail.com,Cartagena,2024-09-20,True
966,95642456,Carlos,Perez,3885513976,carlos.perez72@gmail.com,Medellin,2025-05-20,True
967,60200769,Luisa,Martinez,3884697013,luisa.martinez8@gmail.com,Bogota,2023-06-01,True
968,21364582,Luisa,Martinez,3502681876,luisa.martinez46@gmail.com,Bogota,2023-12-24,True
969,99085378,Jorge,Perez,3298311528,jorge.perez49@gmail.com,Cartagena,2024-02-14,True
970,41508756,Ana,Perez,3767570677,ana.perez71@gmail.com,Barranquilla,2020-05-31,True
971,88351036,Maria,Perez,3490369916,maria.perez67@gmail.com,Bogota,2025-04-04,True
972,72022762,Luisa,Rodriguez,3302015106,luisa.rodriguez55@gmail.com,Bogota,2025-06-20,True
973,21190064,Jorge,Lopez,3771902542,jorge.lopez54@gmail.com,Cali,2021-09-16,True
974,12972880,Sofia,Martinez,3521413413,sofia.martinez58@gmail.com,Bogota,2024-04-24,True
975,75730282,Ana,Gomez,3873442473,ana.gomez24@gmail.com,Barranquilla,2020-07-10,True
976,11098203,Juan,Martinez,3845551198,juan.martinez27@gmail.com,Cartagena,2020-06-26,True
977,76900051,Juan,Martinez,3494449867,juan.martinez26@gmail.com,Barranquilla,2022-11-13,True
978,77677554,Sofia,Hernandez,3961748106,sofia.hernandez94@gmail.com,Cali,2022-04-05,True
979,30085562,Maria,Martinez,3921906735,maria.martinez61@gmail.com,Bogota,2024-10-09,True
980,60209010,Maria,Lopez,3507366219,maria.lopez83@gmail.com,Cali,2021-09-10,True
981,94804550,Carlos,Rodriguez,3923206528,carlos.rodriguez53@gmail.com,Medellin,2024-07-17,True
982,17924534,Jorge,Hernandez,3485696707,jorge.hernandez6@gmail.com,Medellin,2023-04-16,True
983,46898519,Carlos,Perez,3364243489,carlos.perez76@gmail.com,Cali,2021-07-14,True
984,70508143,Sofia,Martinez,3193297394,sofia.martinez98@gmail.com,Medellin,2022-03-26,True
985,27322729,Pedro,Lopez,3869831090,pedro.lopez29@gmail.com,Bogota,2024-04-04,True
986,69979705,Juan,Lopez,3433564250,juan.lopez43@gmail.com,Bogota,2022-11-06,True
987,89507013,Jorge,Perez,3924010852,jorge.perez32@gmail.com,Cartagena,2023-11-16,True
988,35080773,Pedro,Perez,3829705676,pedro.perez62@gmail.com,Barranquilla,2021-06-05,True
989,12802993,Ana,Gomez,3533509790,ana.gomez99@gmail.com,Cali,2020-03-16,True
990,30078515,Maria,Perez,3679545688,maria.perez53@gmail.com,Bogota,2024-09-23,True
991,19952497,Jorge,Rodriguez,3189400942,jorge.rodriguez85@gmail.com,Barranquilla,2023-05-16,True
992,69242171,Juan,Martinez,3629385723,juan.martinez33@gmail.com,Bogota,2021-11-29,True
993,99781208,Sofia,Hernandez,3912355709,sofia.hernandez97@gmail.com,Barranquilla,2020-10-01,True
994,81392379,Sofia,Gomez,3760437973,sofia.gomez79@gmail.com,Cali,2025-03-19,True
995,12549657,Luisa,Rodriguez,3258356921,luisa.rodriguez24@gmail.com,Cartagena,2025-06-15,True
996,56549913,Jorge,Hernandez,3965120986,jorge.hernandez59@gmail.com,Cartagena,2023-02-18,True
997,94297394,Maria,Lopez,3432414797,maria.lopez69@gmail.com,Cartagena,2021-06-17,True
998,82927221,Pedro,Hernandez,3750820822,pedro.hernandez18@gmail.com,Cartagena,2024-03-19,True
999,49203717,Luisa,Martinez,3150437373,luisa.martinez45@gmail.com,Cartagena,2025-05-11,True
1000,53413887,Ana,Lopez,3577306788,ana.lopez5@gmail.com,Barranquilla,2023-07-31,True
